dpto_id,dpto_name,dist_id,dist_name,lista,partido,intendente_nombre,intendente_votos,intendente_pct,intendente_gano,concejales_votos,bancas_obtenidas,diferencia_votos,diferencia_pct,tipo_fenomeno,costo_intendencia,margen_derrota_distrito,top_concejal_nombre,top_concejal_votos
0,CAPITAL,0,ASUNCION,1,PARTIDO COLORADO,CAMILO PEREZ,128301,45.98,NO,149231,15,20930,16.3,CORTE_DECISIVO,SI,5024,"GERARDO ""GRINGO"" BENITEZ",15711
11,CENTRAL,17,LUQUE,1,PARTIDO COLORADO,HUGUI FARIAS,55213,53.49,SI,59592,8,4379,7.9,CORTE_CONCEJAL,NO,15973,ARNALDO BAEZA,8069
10,ALTO PARANA,5,HERNANDARIAS,1,PARTIDO COLORADO,OSCAR MELLI GONZALEZ,12813,36.58,NO,16279,6,3466,27.1,CORTE_CONCEJAL,NO,8395,KPETO CANO,2216
10,ALTO PARANA,0,CIUDAD DEL ESTE,1,PARTIDO COLORADO,RIGO CHAMORRO,31337,23.8,NO,34609,3,3272,10.4,CORTE_CONCEJAL,NO,64551,SILVIO MOREL,6771
4,GUAIRA,0,VILLARRICA,1,PARTIDO COLORADO,PILO FANEGO,13433,39.32,NO,16318,6,2885,21.5,CORTE_CONCEJAL,NO,6525,PABLITO MARTINEZ,1903
9,PARAGUARI,5,CARAPEGUA,1,PARTIDO COLORADO,MOISES ESPINOLA,7151,41.6,NO,10021,7,2870,40.1,CORTE_DECISIVO,SI,2339,DARIO ESPINOZA,1102
11,CENTRAL,11,J. AUGUSTO SALDIVAR,2,PARTIDO LIBERAL RADICAL AUTENTICO,DIEGO ALONSO,9871,40.86,NO,12607,7,2736,27.7,CORTE_DECISIVO,SI,56,MIGUEL ESCURRA SILGUERO,1757
10,ALTO PARANA,31,SANTA RITA,1,PARTIDO COLORADO,EDGAR TORRES,6005,44.42,NO,8710,8,2705,45.0,CORTE_DECISIVO,SI,1194,DIEGO CORONEL,1288
8,MISIONES,3,SAN IGNACIO,1,PARTIDO COLORADO,DRA. MARIA GLORIA RODRIGUEZ,5833,37.98,NO,8442,7,2609,44.7,CORTE_CONCEJAL,NO,3271,RUBEN ENCINA,1109
11,CENTRAL,23,ÑEMBY,1,PARTIDO COLORADO,TOMAS OLMEDO,19330,37.19,NO,21586,5,2256,11.7,CORTE_CONCEJAL,NO,8696,OSMAR ALONSO,2786
6,CAAZAPA,0,CAAZAPA,1,PARTIDO COLORADO,AMADO DIAZ VERON,5722,49.16,SI,7771,9,2049,35.8,CORTE_CONCEJAL,NO,91,NICO BRITEZ,1229
5,CAAGUAZU,0,CORONEL OVIEDO,1,PARTIDO COLORADO,MARCOS BENITEZ,28232,58.7,SI,30159,8,1927,6.8,CORTE_CONCEJAL,NO,10855,OSVALDITO MORA,4575
3,CORDILLERA,5,ARROYOS Y ESTEROS,1,PARTIDO COLORADO,LAZARITO OVELAR,5254,47.92,NO,6910,8,1656,31.5,CORTE_DECISIVO,SI,186,PROF. KARINA,949
14,CANINDEYU,0,SALTO DEL GUAIRA,2,PARTIDO LIBERAL RADICAL AUTENTICO,FRANCISCO VILLALBA RAMIREZ,227,1.69,NO,1810,1,1583,697.4,CORTE_CONCEJAL,NO,3052,EUCLIDES ACEVEDO RAMOA,549
11,CENTRAL,0,AREGUA,1,PARTIDO COLORADO,JULIO TRINIDAD,16231,55.46,SI,17441,8,1210,7.5,CORTE_CONCEJAL,NO,4540,ANDREA BRIZUELA,2508
3,CORDILLERA,13,EUSEBIO AYALA,1,PARTIDO COLORADO,VICTOR KOSKORITO,4891,49.01,SI,6083,8,1192,24.4,CORTE_CONCEJAL,NO,139,ANA TERESA CUEVAS,896
2,SAN PEDRO,0,SAN PEDRO DEL YCUAMANDYYU,1,PARTIDO COLORADO,DR. MENDOZA,5844,41.79,NO,6992,6,1148,19.6,CORTE_CONCEJAL,NO,1978,DIEGO SANCHEZ GAONA,1064
10,ALTO PARANA,9,ITAKYRY,1,PARTIDO COLORADO,MIGUEL SORIA,4449,40.85,NO,5555,6,1106,24.9,CORTE_CONCEJAL,NO,1637,IVAN SORIA,763
14,CANINDEYU,0,SALTO DEL GUAIRA,1,PARTIDO COLORADO,TITO ROJAS,7976,59.49,SI,9042,9,1066,13.4,CORTE_CONCEJAL,NO,3052,ADILIO BOGADO,1089
10,ALTO PARANA,17,MINGA GUAZU,1,PARTIDO COLORADO,CESAR PAREDES,15481,48.21,SI,16508,7,1027,6.6,CORTE_CONCEJAL,NO,4003,PAOLA MERCADO,2804
11,CENTRAL,9,ITAUGUA,1,PARTIDO COLORADO,HORACIO FERNANDEZ,24553,53.26,SI,25553,7,1000,4.1,CORTE_CONCEJAL,NO,4469,PROF. MARGARITA,5581
7,ITAPUA,53,TOMAS ROMERO PEREIRA,1,PARTIDO COLORADO,HERNAN YSIDRO RIVAS ROMAN,4535,38.2,NO,5527,7,992,21.9,CORTE_CONCEJAL,NO,2384,JUAN SAMIR AFARA ARGUELLO,889
10,ALTO PARANA,25,PRESIDENTE FRANCO,2,PARTIDO LIBERAL RADICAL AUTENTICO,ROYA TORRES,11930,33.47,NO,12896,4,966,8.1,CORTE_CONCEJAL,NO,4078,LUCIO VERA,1758
13,AMAMBAY,0,PEDRO J. CABALLERO,1,PARTIDO COLORADO,LUIS GUILLEN,16303,39.07,NO,17233,5,930,5.7,CORTE_CONCEJAL,NO,7127,PAULO ACOSTA,4386
1,CONCEPCION,7,SAN LAZARO,1,PARTIDO COLORADO,JULIAN ORTIZ,2384,42.19,NO,3282,8,898,37.7,CORTE_DECISIVO,SI,704,JORGE LOPEZ,485
6,CAAZAPA,1,ABAI,1,PARTIDO COLORADO,SANDRA MOREL,6745,64.15,SI,7579,10,834,12.4,CORTE_CONCEJAL,NO,3245,ÑA ELISA,1072
9,PARAGUARI,17,QUIINDY,1,PARTIDO COLORADO,VICENTE,4348,50.44,SI,5165,8,817,18.8,CORTE_CONCEJAL,NO,396,JOSE ALMIRON,752
9,PARAGUARI,29,YBYCUI,1,PARTIDO COLORADO,EVER RIVAS,5653,60.68,SI,6465,9,812,14.4,CORTE_CONCEJAL,NO,2604,MIRNA TILLERIA,692
5,CAAGUAZU,25,REPATRIACION,1,PARTIDO COLORADO,CARLOS GODOY,5882,56.76,SI,6691,9,809,13.8,CORTE_CONCEJAL,NO,3565,AGUSTIN OLMEDO,713
11,CENTRAL,25,SAN ANTONIO,1,PARTIDO COLORADO,OBDULIO ESPINOZA,5256,20.19,NO,6065,3,809,15.4,CORTE_CONCEJAL,NO,14554,TOMY GONZALEZ,1406
4,GUAIRA,13,INDEPENDENCIA,1,PARTIDO COLORADO,JOSELO RESQUIN,6382,63.92,SI,7173,9,791,12.4,CORTE_CONCEJAL,NO,3006,DIEGO ALDERETE,1091
15,PDTE. HAYES,1,BENJAMIN ACEVAL,1,PARTIDO COLORADO,CAROLINA CENTURION,6789,61.23,SI,7535,9,746,11.0,CORTE_CONCEJAL,NO,2799,ADILSON NUÑEZ,1067
11,CENTRAL,13,LAMBARE,1,PARTIDO COLORADO,GUIDO,32403,49.46,SI,33142,7,739,2.3,CORTE_CONCEJAL,NO,3134,ARTURO TOÑANEZ,5933
9,PARAGUARI,27,YAGUARON,1,PARTIDO COLORADO,ING. CESAR RIQUELME,8828,52.58,SI,9477,7,649,7.4,CORTE_CONCEJAL,NO,1353,PROF. NANCY,1796
4,GUAIRA,5,CORONEL MARTINEZ,1,PARTIDO COLORADO,FRANCISCO ROMAN,2357,57.21,SI,2992,7,635,26.9,CORTE_CONCEJAL,NO,722,RAFAEL ROMAN,429
14,CANINDEYU,13,SAN ISIDRO CURUGUATY,1,PARTIDO COLORADO,ABOG. HUGO VALDES,8547,60.22,SI,9177,8,630,7.4,CORTE_CONCEJAL,NO,3296,GUSTAVO RODRIGUEZ NORIA,1074
10,ALTO PARANA,11,JUAN E. O'LEARY,1,PARTIDO COLORADO,EVERALDO ACOSTA,3704,43.74,NO,4323,5,619,16.7,CORTE_CONCEJAL,NO,763,GUSTAVO FRANCO,1144
7,ITAPUA,41,OBLIGADO,1,PARTIDO COLORADO,CARLOS TROMBETTA,3288,49.27,SI,3900,8,612,18.6,CORTE_CONCEJAL,NO,277,LUCAS FABRICIO AMARILLA MORINIGO,683
10,ALTO PARANA,13,LOS CEDRALES,1,PARTIDO COLORADO,DINA CHAVEZ,3239,63.31,SI,3823,9,584,18.0,CORTE_CONCEJAL,NO,1537,SILVIA GALHERA,621
16,ALTO PARAGUAY,1,PUERTO CASADO,1,PARTIDO COLORADO,MINGO VERA,2111,73.4,SI,2694,12,583,27.6,CORTE_CONCEJAL,NO,2111,CLAUDIO MARTINEZ,499
10,ALTO PARANA,27,SAN ALBERTO,1,PARTIDO COLORADO,ARIEL RAMIREZ,5167,82.29,SI,5749,12,582,11.3,CORTE_CONCEJAL,NO,5167,LAURA PAREDES,666
15,PDTE. HAYES,0,VILLA HAYES,1,PARTIDO COLORADO,DR. LOPEZ,11176,56.25,SI,11756,8,580,5.2,CORTE_CONCEJAL,NO,3632,VENUS NUÑEZ,1983
17,BOQUERON,0,FILADELFIA,1,PARTIDO COLORADO,RODRIGO ESPINOLA,2864,34.26,NO,3433,5,569,19.9,CORTE_CONCEJAL,NO,2474,REGINA STAHL,552
14,CANINDEYU,16,YASY CAÑY,1,PARTIDO COLORADO,JULIO VERA BENITEZ,2904,30.93,NO,3466,4,562,19.4,CORTE_CONCEJAL,NO,2417,AMANCIO MARTINEZ BURGUER,702
2,SAN PEDRO,24,SANTA ROSA DEL AGUARAY,1,PARTIDO COLORADO,SILVIA TRUBGER,5237,40.39,NO,5798,6,561,10.7,CORTE_CONCEJAL,NO,1067,MARIO BENITEZ,1126
4,GUAIRA,1,BORJA,1,PARTIDO COLORADO,JAVIER CHIQUILLO SILVERA,2391,60.58,SI,2947,7,556,23.3,CORTE_CONCEJAL,NO,971,RAMON AYALA,425
1,CONCEPCION,5,LORETO,1,PARTIDO COLORADO,HECTOR GIMENEZ GUACHO,2732,42.59,NO,3268,5,536,19.6,CORTE_CONCEJAL,NO,854,ISIDRO ADALBERTO BOBADILLA GIMENEZ,720
2,SAN PEDRO,21,SAN ESTANISLAO,1,PARTIDO COLORADO,ING. CARLITOS VERON,13297,68.93,SI,13826,9,529,4.0,CORTE_CONCEJAL,NO,8333,ABG. CARLOS SOSA,2283
2,SAN PEDRO,32,YRYBUCUA,1,PARTIDO COLORADO,SERGIO MORAN CACERES,2130,37.36,NO,2659,4,529,24.8,CORTE_CONCEJAL,NO,1234,FIDELINO BAEZ,425
7,ITAPUA,0,ENCARNACION,1,PARTIDO COLORADO,CHEBA,29858,57.41,SI,30385,8,527,1.8,ALINEADO,NO,9895,CESAR ROJAS,3585
11,CENTRAL,19,MARIANO R. ALONSO,2,PARTIDO LIBERAL RADICAL AUTENTICO,MARCELO SALINAS,16671,37.26,NO,17197,5,526,3.2,CORTE_CONCEJAL,NO,4075,OSMAR ARANDA,2710
5,CAAGUAZU,15,LA PASTORA,2,PARTIDO LIBERAL RADICAL AUTENTICO,EDUARDO GIMENEZ MILTOS,1424,55.95,SI,1949,7,525,36.9,CORTE_CONCEJAL,NO,373,LUIS JAVIER AGUILAR BENEGA,358
2,SAN PEDRO,9,GRAL. ELIZARDO AQUINO,1,PARTIDO COLORADO,MANOLO CESPEDES,4318,61.84,SI,4833,7,515,11.9,CORTE_CONCEJAL,NO,1876,PROFESOR SABINO LICITRA,1040
5,CAAGUAZU,37,YHU,1,PARTIDO COLORADO,NATHALIA BENITEZ,5206,57.8,SI,5715,8,509,9.8,CORTE_CONCEJAL,NO,1664,LIC. GUSTAVO STEGEN,851
10,ALTO PARANA,15,MBARACAYU,1,PARTIDO COLORADO,NANCI ALGARIN,1609,43.68,NO,2097,7,488,30.3,CORTE_DECISIVO,SI,395,RAFAEL DA SILVA,306
7,ITAPUA,0,ENCARNACION,40,ALIANZA FRENTE GUAZU ENCARNACION,CARMEN ESPINOZA,480,0.92,NO,967,0,487,101.5,CORTE_CONCEJAL,NO,9895,"""CHERA"" ESTEBAN CHERAÑUK",180
12,ÑEEMBUCU,0,PILAR,1,PARTIDO COLORADO,EMMANUEL CUEVAS,9409,54.34,SI,9896,8,487,5.2,CORTE_CONCEJAL,NO,2392,LUIS ESPINOLA,1384
8,MISIONES,0,SAN JUAN BAUTISTA,1,PARTIDO COLORADO,JOSE LUIS BENITEZ,6071,50.84,SI,6548,7,477,7.9,CORTE_CONCEJAL,NO,633,YANI AGUERO,809
1,CONCEPCION,11,ARROYITO,1,PARTIDO COLORADO,JOSEFINA TORALES,1612,35.34,NO,2088,4,476,29.5,CORTE_CONCEJAL,NO,1172,EVER RODRIGUEZ,423
7,ITAPUA,11,CARLOS ANTONIO LOPEZ,1,PARTIDO COLORADO,DAVID CUBAS,3486,52.56,SI,3961,8,475,13.6,CORTE_CONCEJAL,NO,461,LEONARDO ESPINOLA,625
7,ITAPUA,3,BELLA VISTA,1,PARTIDO COLORADO,EUCLIDES DE GODOIS,2008,40.9,SI,2479,7,471,23.5,CORTE_CONCEJAL,NO,701,NELSON ARMOA,462
9,PARAGUARI,0,PARAGUARI,1,PARTIDO COLORADO,DR. OSMAR,9307,78.61,SI,9769,11,462,5.0,CORTE_CONCEJAL,NO,7759,BLAS MELGAREJO,1454
4,GUAIRA,17,ITURBE,1,PARTIDO COLORADO,ING. JORDAN RODAS,2725,56.91,SI,3186,7,461,16.9,CORTE_CONCEJAL,NO,854,AUGUSTO VILLALBA,732
9,PARAGUARI,0,PARAGUARI,2,PARTIDO LIBERAL RADICAL AUTENTICO,ADAN DAVID CHAVEZ AGUILERA,432,3.65,NO,889,1,457,105.8,CORTE_CONCEJAL,NO,7759,TOMAS JOAQUIN DUARTE FERNANDEZ,409
9,PARAGUARI,1,ACAHAY,1,PARTIDO COLORADO,GILBERTO MERELES,3874,45.57,SI,4319,5,445,11.5,CORTE_CONCEJAL,NO,1624,BETO GIMENEZ,709
3,CORDILLERA,7,ATYRA,1,PARTIDO COLORADO,PROF. ROSA CORREA,4793,50.45,SI,5233,7,440,9.2,CORTE_CONCEJAL,NO,360,TERESITA LOPPACHER,924
11,CENTRAL,31,VILLETA,1,PARTIDO COLORADO,JUANTRI,9689,50.73,SI,10119,7,430,4.4,CORTE_CONCEJAL,NO,1342,LAURA ACOSTA,1276
3,CORDILLERA,0,CAACUPE,1,PARTIDO COLORADO,CRHISTIAN BEDOYA,13326,45.14,NO,13733,6,407,3.1,CORTE_CONCEJAL,NO,1918,MARCELO PORTILLO,2062
5,CAAGUAZU,29,SAN JOSE DE LOS ARROYOS,1,PARTIDO COLORADO,JORGE GONZALEZ,6125,75.26,SI,6521,10,396,6.5,CORTE_CONCEJAL,NO,4302,ANITA OJEDA,1049
11,CENTRAL,33,YPACARAI,1,PARTIDO COLORADO,BORIS BECKER,5839,46.01,NO,6229,6,390,6.7,CORTE_CONCEJAL,NO,655,LOURDES MARIN,940
3,CORDILLERA,29,SAN BERNARDINO,1,PARTIDO COLORADO,EMIGDIO RUIZ DIAZ,4186,48.57,SI,4574,7,388,9.3,CORTE_CONCEJAL,NO,650,EDUARDO PATTENDER,568
8,MISIONES,1,AYOLAS,1,PARTIDO COLORADO,CAPITAN MUTTI,6797,71.77,SI,7184,10,387,5.7,CORTE_CONCEJAL,NO,4571,CARLOS RAMIREZ,1367
14,CANINDEYU,3,FRANCISCO CABALLERO ALVAREZ,1,PARTIDO COLORADO,LIC. CESAR MARTINEZ,2020,49.35,SI,2407,8,387,19.2,CORTE_CONCEJAL,NO,12,ÑA CLE,278
5,CAAGUAZU,34,TEMBIAPORA,1,PARTIDO COLORADO,HUGO FRANCO,3490,61.52,SI,3876,6,386,11.1,CORTE_CONCEJAL,NO,1433,KCHO SANDOVAL,773
14,CANINDEYU,5,ITANARA,1,PARTIDO COLORADO,JORGE LOPEZ,587,42.26,NO,970,7,383,65.2,CORTE_DECISIVO,SI,190,ARQ. LETICIA LOPEZ,148
2,SAN PEDRO,11,GRAL. F. RESQUIN,1,PARTIDO COLORADO,ABG. DOLLY VERA,2414,40.77,NO,2795,5,381,15.8,CORTE_CONCEJAL,NO,997,TOMAS QUIÑONEZ,503
12,ÑEEMBUCU,1,ALBERDI,1,PARTIDO COLORADO,NICO SOTELO,2999,83.12,SI,3379,12,380,12.7,CORTE_CONCEJAL,NO,2711,RAQUEL ALMEIDA,2201
10,ALTO PARANA,23,ÑACUNDAY,2,PARTIDO LIBERAL RADICAL AUTENTICO,MARTA VERONICA ROJAS AMARILLA,51,1.49,NO,426,1,375,735.3,CORTE_CONCEJAL,NO,500,ALCIDES RAMIREZ GAONA,181
14,CANINDEYU,11,NUEVA ESPERANZA,2,PARTIDO LIBERAL RADICAL AUTENTICO,PROF. HUGUITO OJEDA,86,1.5,NO,459,1,373,433.7,CORTE_CONCEJAL,NO,2709,PROF. GUIDO ORQUIOLA,164
0,CAPITAL,0,ASUNCION,300,PARTIDO PATRIA SOÑADA,ARLENE AQUINO,1732,0.62,NO,2091,0,359,20.7,CORTE_CONCEJAL,NO,5024,CLAUDIA AQUINO,326
17,BOQUERON,3,MCAL.ESTIGARRIBIA,1,PARTIDO COLORADO,ELENA NUÑEZ,1208,20.55,NO,1566,3,358,29.6,CORTE_CONCEJAL,NO,1111,IGNACIO,299
9,PARAGUARI,7,ESCOBAR,1,PARTIDO COLORADO,HORACIO SCAPPINI,2556,83.89,SI,2893,9,337,13.2,CORTE_CONCEJAL,NO,2293,ELI GONZALEZ,454
7,ITAPUA,51,SAN RAFAEL DEL PARANA,1,PARTIDO COLORADO,ROMAN SANTA CRUZ,3450,43.05,SI,3783,6,333,9.7,CORTE_CONCEJAL,NO,392,FABIO WEIRICH,516
4,GUAIRA,21,MBOCAYATY DEL GUAIRA,1,PARTIDO COLORADO,CLARI IBARRA GODOY,3334,76.47,SI,3666,8,332,10.0,CORTE_CONCEJAL,NO,2521,EDGAR PORTILLO,551
7,ITAPUA,47,SAN JUAN DEL PARANA,9,PARTIDO ENCUENTRO NACIONAL,DIONICIO ACOSTA BRITEZ,107,1.7,NO,439,1,332,310.3,CORTE_DECISIVO,SI,265,LAURA BELEN CASCO CARDOZO,103
7,ITAPUA,57,YATYTAY,1,PARTIDO COLORADO,EMILIO JARA,1614,33.01,NO,1946,4,332,20.6,CORTE_CONCEJAL,NO,964,ANIBAL GOMEZ,343
3,CORDILLERA,27,PIRIBEBUY,1,PARTIDO COLORADO,ENMANUEL GINI,9017,57.37,SI,9345,8,328,3.6,CORTE_CONCEJAL,NO,2673,FREDY DOMINGUEZ,1473
11,CENTRAL,5,GUARAMBARE,1,PARTIDO COLORADO,OSCAR CABRERA,10993,77.46,SI,11319,10,326,3.0,CORTE_CONCEJAL,NO,8671,ERALIO UNSAIN RIVAS,1477
2,SAN PEDRO,1,25 DE DICIEMBRE,1,PARTIDO COLORADO,ING. PEDRO SANTA CRUZ,3590,73.72,SI,3914,8,324,9.0,CORTE_CONCEJAL,NO,2471,ING. RODRIGO RIVAS,642
16,ALTO PARAGUAY,0,FUERTE OLIMPO,2,PARTIDO LIBERAL RADICAL AUTENTICO,FELIPE FRANCO,118,4.27,NO,439,2,321,272.0,CORTE_CONCEJAL,NO,1231,CARMELA ADELAIDA CENOZ,142
2,SAN PEDRO,3,ANTEQUERA,1,PARTIDO COLORADO,JULIO CESAR ALFONZO,1520,45.73,NO,1840,5,320,21.1,CORTE_DECISIVO,SI,206,YVAN RECALDE,275
10,ALTO PARANA,17,MINGA GUAZU,44,PARTIDO MBORIAH MEMBY,TANIA MABEL MEZA BAEZ,514,1.6,NO,830,0,316,61.5,CORTE_CONCEJAL,NO,4003,VICTOR WILSON BENITEZ SILVERO,369
1,CONCEPCION,3,HORQUETA,1,PARTIDO COLORADO,SERGIO CARRILLO,7671,47.82,SI,7985,7,314,4.1,CORTE_CONCEJAL,NO,170,RAQUEL PAREDES,1360
6,CAAZAPA,2,3 DE MAYO,1,PARTIDO COLORADO,HUMBERTO MAIDANA,2897,51.06,SI,3207,5,310,10.7,CORTE_CONCEJAL,NO,1077,OSMAR DUARTE,662
9,PARAGUARI,11,LA COLMENA,1,PARTIDO COLORADO,MARIO MELGAREJO,2369,63.12,SI,2677,7,308,13.0,CORTE_CONCEJAL,NO,1073,LIC. LUIS CAPLI,535
2,SAN PEDRO,25,TACUATI,1,PARTIDO COLORADO,SINDULFO FRANCO,2473,60.81,SI,2777,9,304,12.3,CORTE_CONCEJAL,NO,1050,FATIMA LOPEZ,932
13,AMAMBAY,6,CERRO CORA,2,PARTIDO LIBERAL RADICAL AUTENTICO,VICENTE GOMEZ,684,19.61,NO,976,2,292,42.7,CORTE_CONCEJAL,NO,2000,PROF. JORGELINA DUARTE,267
2,SAN PEDRO,33,SAN JOSE DEL ROSARIO,1,PARTIDO COLORADO,MIGUEL GRAY,952,67.76,SI,1241,8,289,30.4,CORTE_CONCEJAL,NO,580,CRISTIAN BENITEZ,358
3,CORDILLERA,37,VALENZUELA,1,PARTIDO COLORADO,LUIS CANTERO,1185,24.75,NO,1474,3,289,24.4,CORTE_CONCEJAL,NO,1254,JESSICA RAMONA FLECHA SANCHEZ,276
5,CAAGUAZU,20,NUEVA TOLEDO,1,PARTIDO COLORADO,SILVA,973,39.5,SI,1262,5,289,29.7,CORTE_CONCEJAL,NO,197,GILMAR LORENZI,223
11,CENTRAL,35,YPANE,3,ALIANZA JUNTOS POR YPANE,DIEGO OLMEDO,321,1.18,NO,609,0,288,89.7,CORTE_CONCEJAL,NO,6412,DERLIS AYALA,122
6,CAAZAPA,13,SAN JUAN NEPOMUCENO,1,PARTIDO COLORADO,DR. AMILCAR MIÑO,8075,65.38,SI,8358,9,283,3.5,CORTE_CONCEJAL,NO,4277,ERICO FERREIRA,1138
7,ITAPUA,17,EDELIRA,13,PARTIDO DE LA PARTICIPACION CIUDADANA,EDGAR BRITEZ,387,4.73,NO,669,1,282,72.9,CORTE_CONCEJAL,NO,1658,ANGEL GABRIEL BRITEZ ANDINO,212
2,SAN PEDRO,7,CHORE,1,PARTIDO COLORADO,EMILSE GIMENEZ,6388,66.49,SI,6669,9,281,4.4,CORTE_CONCEJAL,NO,3486,SUSY CABRAL,1165
6,CAAZAPA,15,TAVAI,1,PARTIDO COLORADO,GUIDO A. AGUIAR,4900,76.53,SI,5179,8,279,5.7,CORTE_CONCEJAL,NO,3574,RUBEN VEGA,1024
4,GUAIRA,29,SAN SALVADOR,1,PARTIDO COLORADO,SIPRI,1355,59.12,SI,1631,7,276,20.4,CORTE_CONCEJAL,NO,463,NORI MIRANDA,479
7,ITAPUA,1,ALTO VERA,1,PARTIDO COLORADO,RUBEN VAZQUEZ,2472,47.51,NO,2740,6,268,10.8,CORTE_DECISIVO,SI,179,ROMI AVALOS,656
2,SAN PEDRO,17,LIMA,1,PARTIDO COLORADO,ING. JULIO FRANCO,2327,48.31,SI,2594,5,267,11.5,CORTE_CONCEJAL,NO,959,RICHI PAVON,498
7,ITAPUA,5,CAMBYRETA,3,ALIANZA CAMBYRETA EN MARCHA,NANCY BERNDT DE PEREIRA,7715,34.28,NO,7982,4,267,3.5,CORTE_CONCEJAL,NO,6232,DAHIANA ZARSKE,1148
3,CORDILLERA,11,EMBOSCADA,2,PARTIDO LIBERAL RADICAL AUTENTICO,CYNTHIA PEÑA,4076,40.21,NO,4342,6,266,6.5,CORTE_CONCEJAL,NO,780,ALBERTO SANTA CRUZ CUENCA,548
7,ITAPUA,25,HOHENAU,1,PARTIDO COLORADO,ENRIQUE HAHN,3503,56.66,SI,3768,8,265,7.6,CORTE_CONCEJAL,NO,1070,PAZ MARIA EUGENIA HAHN PAREDES,775
7,ITAPUA,29,JESUS,1,PARTIDO COLORADO,CHRISTIAN BRITEZ,2252,64.2,SI,2515,9,263,11.7,CORTE_CONCEJAL,NO,1090,ROBERTO SCHLENDER,411
14,CANINDEYU,18,YBYRAROVANA,1,PARTIDO COLORADO,MANUEL CUENCA,2349,68.83,SI,2610,7,261,11.1,CORTE_CONCEJAL,NO,1379,FERNANDO FERNANDEZ,412
10,ALTO PARANA,35,YGUAZU,1,PARTIDO COLORADO,RAFA KAWANO,3725,74.31,SI,3985,10,260,7.0,CORTE_CONCEJAL,NO,2670,GASPAR VAZQUEZ,500
3,CORDILLERA,29,SAN BERNARDINO,123,PARTIDO YO CREO CONCIENCIA DEMOCRATICA NACIONAL,LUIS RAMON AQUINO ESCOBAR,448,5.2,NO,704,1,256,57.1,CORTE_CONCEJAL,NO,650,PABLINO VERA AVALOS,258
3,CORDILLERA,1,1RO. DE MARZO,1,PARTIDO COLORADO,RODRIGO SAMANIEGO,715,24.61,NO,969,3,254,35.5,CORTE_CONCEJAL,NO,762,MARIAM MORAL,223
8,MISIONES,0,SAN JUAN BAUTISTA,3,PARTIDO REVOLUCIONARIO FEBRERISTA,HILDA RUFINA GOMEZ RODAS,142,1.19,NO,394,0,252,177.5,CORTE_CONCEJAL,NO,633,GERARDO TEODORO MORINIGO GALEANO,105
12,ÑEEMBUCU,15,LAURELES,1,PARTIDO COLORADO,EIDER VERA,1074,57.07,SI,1326,7,252,23.5,CORTE_CONCEJAL,NO,354,CRISTIAN VERA,214
15,PDTE. HAYES,5,NANAWA,1,PARTIDO COLORADO,CARLOS GARCIA,2939,69.23,SI,3188,8,249,8.5,CORTE_CONCEJAL,NO,2257,SANDRA ORTIZ ACHUCARRO,591
2,SAN PEDRO,29,VILLA DEL ROSARIO,1,PARTIDO COLORADO,JULIAN PAPU BARRESSI,3554,79.31,SI,3801,9,247,6.9,CORTE_CONCEJAL,NO,2882,JUAN RAMON BENITEZ,565
7,ITAPUA,37,NATALIO,1,PARTIDO COLORADO,ERNAN VOLKEN,3914,47.92,NO,4159,7,245,6.3,CORTE_DECISIVO,SI,210,CYNTHIA FLORENTIN,954
2,SAN PEDRO,15,ITACURUBI DEL ROSARIO,1,PARTIDO COLORADO,DRA. ANA RODAS,3852,78.37,SI,4096,8,244,6.3,CORTE_CONCEJAL,NO,3050,NOEMI MARTINEZ,746
5,CAAGUAZU,9,DR.J. E. ESTIGARRIBIA,1,PARTIDO COLORADO,STANLEY HILDEBRAND,9575,56.29,SI,9819,7,244,2.5,CORTE_CONCEJAL,NO,2548,MABEL PERRUCHINO,1264
9,PARAGUARI,3,CAAPUCU,1,PARTIDO COLORADO,ING. RAMON PENAYO,2541,58.21,SI,2785,8,244,9.6,CORTE_CONCEJAL,NO,801,ROMY BRITEZ,384
9,PARAGUARI,21,SAN ROQUE GONZALEZ,1,PARTIDO COLORADO,GUSTAVO BRITEZ,3096,61.67,SI,3340,7,244,7.9,CORTE_CONCEJAL,NO,1650,IDA,626
7,ITAPUA,7,CAPITAN MEZA,1,PARTIDO COLORADO,ALDO DUARTE,2299,49.31,SI,2542,8,243,10.6,CORTE_CONCEJAL,NO,553,RAMONA ORTEGA,347
4,GUAIRA,11,GRAL. E. A. GARAY,1,PARTIDO COLORADO,ARSE JARA,3098,76.82,SI,3338,8,240,7.7,CORTE_CONCEJAL,NO,2282,JUANA VILLALBA,926
11,CENTRAL,35,YPANE,5,ALIANZA ACUERDO GUARANI YPANE,EVELIO PAIVA,427,1.57,NO,663,0,236,55.3,CORTE_CONCEJAL,NO,6412,GABINO ARRIOLA,119
1,CONCEPCION,7,SAN LAZARO,15,PARTIDO NACIONAL UNAMONOS,OSCAR ORTEGA,65,1.15,NO,300,0,235,361.5,CORTE_CONCEJAL,NO,704,FATIMA BENITEZ MARTINEZ,70
11,CENTRAL,1,CAPIATA,1,PARTIDO COLORADO,LAURA GAMARRA,50663,63.05,SI,50896,9,233,0.5,ALINEADO,NO,27048,ANGEL CASTELLANO,7919
4,GUAIRA,31,YATAITY DEL GUAIRA,1,PARTIDO COLORADO,DRA. MARIA JOSE,1289,46.45,NO,1520,5,231,17.9,CORTE_DECISIVO,SI,72,CNEL. ACHUCARRO,271
2,SAN PEDRO,5,CAPIIVARY,1,PARTIDO COLORADO,NELSON SILVA,8437,52.5,SI,8667,7,230,2.7,CORTE_CONCEJAL,NO,1311,JULIO GALAXI,1390
10,ALTO PARANA,0,CIUDAD DEL ESTE,21,PARTIDO DE LA JUVENTUD FUERZA JOVEN,ANGELICA MORA,979,0.74,NO,1207,0,228,23.3,CORTE_CONCEJAL,NO,64551,DAYHARA SOSA,214
15,PDTE. HAYES,6,NUEVA ASUNCION,1,PARTIDO COLORADO,JUANCHO,3116,78.29,SI,3344,11,228,7.3,CORTE_CONCEJAL,NO,3116,OSVALDO CENTURION,515
7,ITAPUA,13,CARMEN DEL PARANA,1,PARTIDO COLORADO,GERMANCITO,2472,57.5,SI,2699,8,227,9.2,CORTE_CONCEJAL,NO,805,DANNY ALONSO DIMITRUK,472
9,PARAGUARI,23,SAPUCAI,1,PARTIDO COLORADO,LILO MONGES,2621,71.87,SI,2846,8,225,8.6,CORTE_CONCEJAL,NO,2621,DANI CHAVEZ,601
11,CENTRAL,23,ÑEMBY,400,MOVIMIENTO DEPARTAMENTAL UNIDOS PODEMOS,MIGDONIO GERMAN VILLALBA ORTIZ,246,0.47,NO,470,0,224,91.1,CORTE_CONCEJAL,NO,8696,EVER HUGO GONZALEZ LOPEZ,96
2,SAN PEDRO,13,GUAJAYVI,1,PARTIDO COLORADO,OSVALDO GARCIA,6403,48.11,NO,6626,7,223,3.5,CORTE_DECISIVO,SI,213,MONCHY RODRIGO ACOSTA,975
9,PARAGUARI,12,MARIA ANTONIA,1,PARTIDO COLORADO,PEDRO PENAYO,1410,67.08,SI,1633,7,223,15.8,CORTE_CONCEJAL,NO,779,CRISTIAN RIVEROS,250
6,CAAZAPA,9,GRAL. MORINIGO,1,PARTIDO COLORADO,ERIS CUEVAS,1476,48.27,NO,1696,5,220,14.9,CORTE_DECISIVO,SI,69,ELVIS CUEVAS,426
4,GUAIRA,27,PASO YOBAI,1,PARTIDO COLORADO,SALOMON MIRANDA,4975,56.46,SI,5194,6,219,4.4,CORTE_CONCEJAL,NO,1393,WILL GAUTO,789
7,ITAPUA,41,OBLIGADO,6,PARTIDO PATRIOTAS INDEPENDIENTES,BERNARDO JAVIER AMARILLA DUARTE,167,2.5,NO,384,0,217,129.9,CORTE_CONCEJAL,NO,277,LUCIANO DAVID LLANES RIVAS,163
13,AMAMBAY,3,CAPITAN BADO,2,PARTIDO LIBERAL RADICAL AUTENTICO,MARCOS VELAZQUEZ,1882,21.8,NO,2098,3,216,11.5,CORTE_CONCEJAL,NO,4544,VILMA BEATRIZ ARMOA MARTINEZ,421
5,CAAGUAZU,11,DR. JUAN M. FRUTOS,1,PARTIDO COLORADO,DR. MARCOS SPEZINI,6097,73.36,SI,6305,10,208,3.4,CORTE_CONCEJAL,NO,4113,OSCAR BAEZ,954
7,ITAPUA,9,CAPITAN MIRANDA,5,ALIANZA MIRANDA EN MARCHA,ALFREDO LANG FERRI,975,18.06,NO,1173,3,198,20.3,CORTE_CONCEJAL,NO,3225,MIGUEL ANGEL BRUNO CUQUEJO,281
10,ALTO PARANA,1,DR. J. L. MALLORQUIN,1,PARTIDO COLORADO,PEDRO VARON OVELAR,5066,48.47,NO,5264,6,198,3.9,CORTE_DECISIVO,SI,99,LEANDRO OVELAR,1355
3,CORDILLERA,11,EMBOSCADA,44,PARTIDO MBORIAH MEMBY,RAMON DEJESUS CRISTALDO RUIZ DIAZ,145,1.43,NO,334,0,189,130.3,CORTE_CONCEJAL,NO,780,MIGUEL MARCELINO GOMEZ GAONA,94
2,SAN PEDRO,31,YATAITY DEL NORTE,5,ALIANZA TETAYGUA JUAJU YATAITY DEL NORTE PE,BLAS RAMON RIVEROS DUARTE,33,0.44,NO,217,0,184,557.6,CORTE_CONCEJAL,NO,1297,MATEO RODRIGUEZ,112
10,ALTO PARANA,17,MINGA GUAZU,21,PARTIDO DE LA JUVENTUD FUERZA JOVEN,HECTOR DANIEL SUAREZ DELVALLE,130,0.4,NO,311,0,181,139.2,CORTE_CONCEJAL,NO,4003,PELOTITA,109
14,CANINDEYU,11,NUEVA ESPERANZA,1,PARTIDO COLORADO,ESCRIBANO SERGIO,4135,71.89,SI,4314,9,179,4.3,CORTE_CONCEJAL,NO,2709,VALDEMIR CORTINA,900
7,ITAPUA,0,ENCARNACION,21,PARTIDO DE LA JUVENTUD FUERZA JOVEN,OSCAR ANTONIO FLECHA,550,1.06,NO,728,0,178,32.4,CORTE_CONCEJAL,NO,9895,ABOG. SILVIA SALINAS,269
10,ALTO PARANA,5,HERNANDARIAS,6,PARTIDO PATRIOTAS INDEPENDIENTES,BETO ESCOBAR,320,0.91,NO,496,0,176,55.0,CORTE_CONCEJAL,NO,8395,SILVIO FRANCISCO GONZALEZ BENITEZ,103
14,CANINDEYU,7,KATUETE,7,PARTIDO UNION NACIONAL DE CIUDADANOS ETICOS,LIC. CRISTIANE MAYER,320,5.91,NO,494,1,174,54.4,CORTE_CONCEJAL,NO,2246,RODRIGO GODOY SCHNEIDER,186
7,ITAPUA,45,SAN COSME Y DAMIAN,1,PARTIDO COLORADO,JUANCHO SANTACRUZ,2268,57.0,SI,2441,8,173,7.6,CORTE_CONCEJAL,NO,642,TATIANA PALACIOS,358
3,CORDILLERA,21,LOMA GRANDE,1,PARTIDO COLORADO,TIO ZACA,2223,54.7,SI,2394,6,171,7.7,CORTE_CONCEJAL,NO,504,SELENE JIMENEZ,553
4,GUAIRA,9,FELIX PEREZ CARDOZO,123,ALIANZA YO CREO FELIX PEREZ CARDOZO,ROSELLA CAROLINA MARTINEZ DE NUÑEZ,710,20.12,NO,881,2,171,24.1,CORTE_CONCEJAL,NO,1996,LUIS CAÑETE,222
7,ITAPUA,47,SAN JUAN DEL PARANA,1,PARTIDO COLORADO,JOSE DOMINGO ROJAS PEDROZO,2866,45.47,NO,3036,6,170,5.9,CORTE_CONCEJAL,NO,265,HUMBERTO DARIO DUARTE VILLALBA,435
7,ITAPUA,17,EDELIRA,1,PARTIDO COLORADO,PEDRO VILLAGRA,3958,48.37,SI,4127,7,169,4.3,CORTE_CONCEJAL,NO,1658,ROBERTO CABAÑAS,465
14,CANINDEYU,9,LA PALOMA,1,PARTIDO COLORADO,MARCELO VILLALBA,5031,93.77,SI,5200,12,169,3.4,CORTE_CONCEJAL,NO,5031,NICO DI PALOMA,800
6,CAAZAPA,3,BUENA VISTA,1,PARTIDO COLORADO,CESAR TALAVERA,1766,48.08,NO,1933,5,167,9.5,CORTE_DECISIVO,SI,75,ALCIDES MARIN LOPEZ,422
7,ITAPUA,39,NUEVA ALBORADA,1,PARTIDO COLORADO,OSCAR MARTINEZ,2142,45.2,NO,2307,6,165,7.7,CORTE_CONCEJAL,NO,375,FRANCISCO BENITEZ,441
2,SAN PEDRO,19,NUEVA GERMANIA,5,ALIANZA UNIDOS POR NUEVA GERMANIA,VICTORINO BENITEZ RIOS,205,6.05,NO,368,1,163,79.5,CORTE_CONCEJAL,NO,2525,ANA LISS OSORIO CARDOZO,161
8,MISIONES,7,SAN PATRICIO,1,PARTIDO COLORADO,JOSE FRANCISCO ACOSTA,1610,43.89,NO,1771,4,161,10.0,CORTE_CONCEJAL,NO,388,GILBERTO MAIDANA,411
12,ÑEEMBUCU,7,GRAL. JOSE E. DIAZ,1,PARTIDO COLORADO,JUAN RAMON IBARRA,1616,75.94,SI,1777,11,161,10.0,CORTE_CONCEJAL,NO,1162,MABEL SANTA CRUZ,282
2,SAN PEDRO,22,SAN VICENTE PANCHOLO,1,PARTIDO COLORADO,TOÑI APEZTEGUIA,2713,43.55,NO,2873,5,160,5.9,CORTE_CONCEJAL,NO,696,VICTOR SILVA,674
14,CANINDEYU,20,LAUREL,1,PARTIDO COLORADO,PROFE. MARIO LUIS VILLALBA,1064,59.21,SI,1224,6,160,15.0,CORTE_CONCEJAL,NO,371,SONIA PEREIRA,206
5,CAAGUAZU,27,SAN JOAQUIN,1,PARTIDO COLORADO,LUIS PALACIOS,3404,50.98,SI,3563,5,159,4.7,CORTE_CONCEJAL,NO,213,ROCIO SANTOS,783
8,MISIONES,17,YAVEVYRY,1,PARTIDO COLORADO,PAUL SERVIN,1396,77.73,SI,1555,11,159,11.4,CORTE_CONCEJAL,NO,1214,YONI MONTAÑEZ,240
3,CORDILLERA,3,ALTOS,1,PARTIDO COLORADO,ACHI IRALA,2922,35.07,NO,3080,4,158,5.4,CORTE_CONCEJAL,NO,2204,JORGE LUIS MENA LOPEZ,529
7,ITAPUA,47,SAN JUAN DEL PARANA,15,ALIANZA ACUERDO GUARANI,EDMUNDO PEDRO RUIZ DIAZ,63,1.0,NO,217,0,154,244.4,CORTE_CONCEJAL,NO,265,CRISTINO FRANCO AQUINO,133
9,PARAGUARI,27,YAGUARON,9,PARTIDO ENCUENTRO NACIONAL,ALBERTO SOSA VERA,156,0.93,NO,310,0,154,98.7,CORTE_CONCEJAL,NO,1353,NELSON GUSTAVO ORTIZ GARCETE,78
13,AMAMBAY,1,BELLA VISTA,1,PARTIDO COLORADO,LUICHI BRITEZ,2901,60.82,SI,3054,8,153,5.3,CORTE_CONCEJAL,NO,1134,NELSON RAMIREZ MORA,667
7,ITAPUA,5,CAMBYRETA,6,PARTIDO DEMOCRATA CRISTIANO,CIRIA PEDROZO DE RIOS,214,0.95,NO,366,0,152,71.0,CORTE_CONCEJAL,NO,6232,JOSE ALFREDO CACERES GAMARRA,77
9,PARAGUARI,21,SAN ROQUE GONZALEZ,3,ALIANZA PARA EL PROGRESO,CESAR DARIO MOLINAS SERNA,298,5.94,NO,449,0,151,50.7,CORTE_CONCEJAL,NO,1650,AUGUSTO VIVEROS GONZALEZ,101
7,ITAPUA,43,PIRAPO,1,PARTIDO COLORADO,CHRISTIAN,2028,68.79,SI,2177,10,149,7.3,CORTE_CONCEJAL,NO,1292,RAMON CASTILLO,284
13,AMAMBAY,4,ZANJA PYTA,1,PARTIDO COLORADO,PABLINO AREVALOS,1579,53.04,SI,1727,5,148,9.4,CORTE_CONCEJAL,NO,272,ASUNCION AREVALOS,422
5,CAAGUAZU,23,RAUL ARSENIO OVIEDO,10,ALIANZA TODOS POR RAUL ARSENIO OVIEDO,RAMON CANTERO VARELA,1095,15.34,NO,1240,2,145,13.2,CORTE_CONCEJAL,NO,4160,ZULLY RAMIREZ LOPEZ,296
3,CORDILLERA,23,MBOCAYATY DEL YHAGUY,2,PARTIDO LIBERAL RADICAL AUTENTICO,LUIS GONZALEZ,1354,58.56,SI,1498,6,144,10.6,CORTE_CONCEJAL,NO,459,JULIO CESAR RIOS ACUÑA,230
5,CAAGUAZU,5,CARAYAO,1,PARTIDO COLORADO,GUSTAVO VILLAR,3666,58.91,SI,3809,6,143,3.9,CORTE_CONCEJAL,NO,1255,CANDIDO GIMENEZ,703
6,CAAZAPA,11,MACIEL,1,PARTIDO COLORADO,GILBERTO LEDESMA,1459,75.32,SI,1602,8,143,9.8,CORTE_CONCEJAL,NO,1459,KIKE,266
6,CAAZAPA,17,YUTY,1,PARTIDO COLORADO,EVER BRITEZ,5293,65.68,SI,5436,9,143,2.7,CORTE_CONCEJAL,NO,2847,JUAN ELIAS BENITEZ,977
16,ALTO PARAGUAY,3,BAHIA NEGRA,1,PARTIDO COLORADO,BERNARDINO SUAREZ,751,54.3,SI,894,9,143,19.0,CORTE_CONCEJAL,NO,364,ESTEBAN ROJAS,135
8,MISIONES,13,SANTIAGO,1,PARTIDO COLORADO,OSCAR CUENCA,2544,52.62,SI,2681,7,137,5.4,CORTE_CONCEJAL,NO,316,ELENO CORONEL,412
1,CONCEPCION,8,SAN ALFREDO,1,PARTIDO COLORADO,JHON VILLANUEVA,1133,57.14,SI,1266,8,133,11.7,CORTE_CONCEJAL,NO,314,ELIAS,436
3,CORDILLERA,33,SANTA ELENA,1,PARTIDO COLORADO,CARLOS MAURICIO ALFONSO GALEANO,2056,65.37,SI,2187,7,131,6.4,CORTE_CONCEJAL,NO,1079,JAIRO TORRES,432
4,GUAIRA,5,CORONEL MARTINEZ,123,ALIANZA YO CREO CORONEL MARTINEZ,CARLOS CESAR VILLALBA ESPINOLA,40,0.97,NO,171,0,131,327.5,CORTE_CONCEJAL,NO,722,EDGAR VAZQUEZ ARZAMENDIA,63
4,GUAIRA,23,NATALICIO TALAVERA,1,PARTIDO COLORADO,DERLIS SCAVENIUS,2623,73.23,SI,2753,7,130,5.0,CORTE_CONCEJAL,NO,1766,JORGITO,447
10,ALTO PARANA,9,ITAKYRY,43,PARTIDO ECOLOGISTA,WALTER GONZALEZ,220,2.02,NO,349,0,129,58.6,CORTE_CONCEJAL,NO,1637,LUZ MABEL JARA,43
10,ALTO PARANA,17,MINGA GUAZU,911,PARTIDO CRUZADA NACIONAL,LIC. CELIA ENRIQUEZ,279,0.87,NO,406,0,127,45.5,CORTE_CONCEJAL,NO,4003,CLAUDEMIR MATEUCCI,137
9,PARAGUARI,15,PIRAYU,2,PARTIDO LIBERAL RADICAL AUTENTICO,MARIO HIGINIO GODOY SALINAS,3657,40.54,NO,3782,5,125,3.4,CORTE_CONCEJAL,NO,1172,GUILLERMO ALCIDES ESPINOLA ROA,605
5,CAAGUAZU,33,SIMON BOLIVAR,1,PARTIDO COLORADO,JOSE CABALLERO,1203,34.87,NO,1325,3,122,10.1,CORTE_CONCEJAL,NO,947,EVER GODOY,307
8,MISIONES,15,VILLA FLORIDA,1,PARTIDO COLORADO,DRA. VERZA,1313,49.01,SI,1434,7,121,9.2,CORTE_CONCEJAL,NO,6,REINALDO,313
12,ÑEEMBUCU,17,MAYOR J. MARTINEZ,1,PARTIDO COLORADO,HERNAN ARRUA,1234,50.8,SI,1351,5,117,9.5,CORTE_CONCEJAL,NO,153,RAMON TORRES,324
2,SAN PEDRO,27,UNION,2,PARTIDO LIBERAL RADICAL AUTENTICO,ALIDA ESCOBAR AVALOS,412,14.03,NO,526,1,114,27.7,CORTE_CONCEJAL,NO,1673,LUZ ADELA ZARATE DE SALINAS,159
1,CONCEPCION,6,SAN CARLOS DEL APA,1,PARTIDO COLORADO,LUCIO GODOY,814,68.06,SI,927,7,113,13.9,CORTE_CONCEJAL,NO,458,LOURDES FLEITAS,252
1,CONCEPCION,12,PASO HORQUETA,2,PARTIDO LIBERAL RADICAL AUTENTICO,CYNTHIA CABAÑAS FIGUEREDO,1867,54.27,SI,1979,5,112,6.0,CORTE_CONCEJAL,NO,352,HUGO DIAZ,369
10,ALTO PARANA,29,SAN CRISTOBAL,1,PARTIDO COLORADO,VALCIR ROBERTO PELIZZA,3365,65.15,SI,3477,9,112,3.3,CORTE_CONCEJAL,NO,1638,JOEL ROSSATO,504
12,ÑEEMBUCU,11,HUMAITA,1,PARTIDO COLORADO,HECTOR CACERES,1022,57.67,SI,1133,8,111,10.9,CORTE_CONCEJAL,NO,319,ALCIDES,213
3,CORDILLERA,9,CARAGUATAY,1,PARTIDO COLORADO,PATRICIO ORTEGA,3771,67.53,SI,3881,9,110,2.9,CORTE_CONCEJAL,NO,2088,AREMJO GONZALEZ,556
9,PARAGUARI,31,YBYTYMI,1,PARTIDO COLORADO,ANDRES GASTON,1558,39.82,NO,1668,4,110,7.1,CORTE_CONCEJAL,NO,757,DAVID CUELLAR,417
16,ALTO PARAGUAY,0,FUERTE OLIMPO,1,PARTIDO COLORADO,CAMILA RAMIREZ,1912,69.2,SI,2021,9,109,5.7,CORTE_CONCEJAL,NO,1231,BRYAN RECALDE,263
12,ÑEEMBUCU,27,VILLA OLIVA,1,PARTIDO COLORADO,MANUCHIN,1425,53.73,SI,1533,5,108,7.6,CORTE_CONCEJAL,NO,259,MARILU,457
1,CONCEPCION,0,CONCEPCION,2,ALIANZA UNIDOS POR CONCEPCION,TATI URBIETA,8468,31.66,NO,8575,4,107,1.3,ALINEADO,NO,8007,ELISEO GUGGIARI DORIA,2833
2,SAN PEDRO,16,LIBERACION,1,PARTIDO COLORADO,FREDY SILVA,5102,48.0,NO,5209,5,107,2.1,CORTE_CONCEJAL,NO,214,OSMAR ESPINOLA,968
2,SAN PEDRO,32,YRYBUCUA,911,PARTIDO CRUZADA NACIONAL,CARLOS BENITEZ,52,0.91,NO,157,0,105,201.9,CORTE_CONCEJAL,NO,1234,TEODORO AREVALOS,82
7,ITAPUA,17,EDELIRA,15,ALIANZA ACUERDO GUARANI,"""FERNANDO"" RAMON ACOSTA",63,0.77,NO,167,0,104,165.1,CORTE_CONCEJAL,NO,1658,GABRIEL PORTILLO ZARZA,61
4,GUAIRA,3,CAP. MAURICIO JOSE TROCHE,1,PARTIDO COLORADO,CHOCHO VILLAVERDE,3885,71.8,SI,3988,7,103,2.7,CORTE_CONCEJAL,NO,2534,PINTO BOBADILLA,876
3,CORDILLERA,25,NUEVA COLOMBIA,1,PARTIDO COLORADO,FRANCISCO SCHOLZ,1872,53.62,SI,1974,5,102,5.4,CORTE_CONCEJAL,NO,333,ALAN GIMENEZ,356
5,CAAGUAZU,31,SANTA ROSA DEL MBUTUY,2,PARTIDO LIBERAL RADICAL AUTENTICO,ARQ. ANTONIO EVER BENITEZ,2989,48.26,NO,3091,5,102,3.4,CORTE_CONCEJAL,NO,104,HUGO ESTEBAN GODOY CARDOZO,557
2,SAN PEDRO,23,SAN PABLO,1,PARTIDO COLORADO,LOURDES,1076,41.29,NO,1176,4,100,9.3,CORTE_CONCEJAL,NO,408,JORGE,238
7,ITAPUA,21,GENERAL ARTIGAS,1,PARTIDO COLORADO,ARIEL VELAZQUEZ,2803,54.17,SI,2901,7,98,3.5,CORTE_CONCEJAL,NO,582,DEL ROSARIA MARTHA DELVALLE DE GARCIA,354
7,ITAPUA,27,ITAPUA POTY,1,PARTIDO COLORADO,ARNULFO BENITEZ,3058,55.88,SI,3156,7,98,3.2,CORTE_CONCEJAL,NO,785,VICTOR MONTIEL,425
1,CONCEPCION,1,BELEN,1,PARTIDO COLORADO,DANI CUBILLA,4754,92.94,SI,4850,12,96,2.0,ALINEADO,NO,4462,RICARDO FRETEZ,848
2,SAN PEDRO,16,LIBERACION,4,ALIANZA YO CREO,EFREN GIMENEZ ESTIGARRIBIA,58,0.55,NO,153,0,95,163.8,CORTE_CONCEJAL,NO,214,HERNAN GIMENEZ URBIETA,30
8,MISIONES,5,SAN MIGUEL,1,PARTIDO COLORADO,SERGIO RAMIREZ,2614,85.2,SI,2708,11,94,3.6,CORTE_CONCEJAL,NO,2379,JOSE CORVALAN,531
12,ÑEEMBUCU,21,SAN JUAN BAUTISTA,1,PARTIDO COLORADO,ALDO ARMOA,1070,41.47,NO,1164,6,94,8.8,CORTE_CONCEJAL,NO,324,TULIO MONTAÑEZ,335
1,CONCEPCION,13,ITACUA,1,PARTIDO COLORADO,LIC. GRACIELA GAMARRA,587,40.57,NO,680,4,93,15.8,CORTE_CONCEJAL,NO,255,PROF. SARA GONZALEZ,118
9,PARAGUARI,13,MBUYAPEY,1,PARTIDO COLORADO,COMANDANTE ROJAS,2071,42.16,NO,2163,4,92,4.4,CORTE_CONCEJAL,NO,667,CARLOS GOMEZ,563
7,ITAPUA,33,LA PAZ,1,PARTIDO COLORADO,SERGIO ARCE,1114,65.38,SI,1205,9,91,8.2,CORTE_CONCEJAL,NO,587,VIDALIA GERKE,183
11,CENTRAL,5,GUARAMBARE,2,PARTIDO LIBERAL RADICAL AUTENTICO,RICHARD MORA,2322,16.36,NO,2411,2,89,3.8,CORTE_CONCEJAL,NO,8671,JUAN JOSE VAESKEN VAZQUEZ,754
5,CAAGUAZU,17,FRANCISCO SOLANO LOPEZ,1,PARTIDO COLORADO,LILIANA ACOSTA BEBITA,2074,78.41,SI,2162,8,88,4.2,CORTE_CONCEJAL,NO,1587,SERGIO HOFFMANN TEIO,345
11,CENTRAL,11,J. AUGUSTO SALDIVAR,81,MOVIMIENTO SI SE PUEDE,ROLANDO FERNANDEZ,355,1.47,NO,443,0,88,24.8,CORTE_DECISIVO,SI,56,MIGUEL OJEDA,164
9,PARAGUARI,9,GRAL. BERNARDINO CABALLERO,123,ALIANZA POR UN CABALLERO MEJOR,DR. MARIO GONZALEZ,659,18.97,NO,743,2,84,12.7,CORTE_CONCEJAL,NO,1994,ANA CRISTINA LOPEZ MARTINEZ,266
6,CAAZAPA,5,DR. MOISES BERTONI,1,PARTIDO COLORADO,BLASITO CANDIA,1892,81.17,SI,1975,8,83,4.4,CORTE_CONCEJAL,NO,1586,GILBERTO,317
7,ITAPUA,35,MAYOR OTAÑO,21,PARTIDO DE LA JUVENTUD FUERZA JOVEN,ARNALDO CARMONA,61,0.85,NO,136,0,75,123.0,CORTE_CONCEJAL,NO,152,MARGARITA DOLORES FARIÑA PORTILLO,30
15,PDTE. HAYES,11,TTE. ESTEBAN MARTINEZ,1,PARTIDO COLORADO,LUIS SOSA,387,43.73,NO,461,5,74,19.1,CORTE_CONCEJAL,NO,102,DANI ZARATE,65
3,CORDILLERA,29,SAN BERNARDINO,3,MOVIMIENTO SAN BER QUERIDO,WALTER JARA,162,1.88,NO,234,0,72,44.4,CORTE_CONCEJAL,NO,650,DRA. LOIKEN,95
10,ALTO PARANA,19,MINGA PORA,911,PARTIDO CRUZADA NACIONAL,ELVIO BOGADO IRALA,269,4.12,NO,339,0,70,26.0,CORTE_CONCEJAL,NO,1160,ANIBAL MOREL CACERES,102
12,ÑEEMBUCU,9,GUAZU CUA,1,PARTIDO COLORADO,ALEX BOTTINO,969,60.11,SI,1038,6,69,7.1,CORTE_CONCEJAL,NO,362,ANIBAL MIÑO,257
12,ÑEEMBUCU,25,VILLA FRANCA,1,PARTIDO COLORADO,ROLY LEGUIZAMON,1310,93.77,SI,1379,9,69,5.3,CORTE_CONCEJAL,NO,1310,IRMA ACOSTA,214
12,ÑEEMBUCU,23,TACUARAS,1,PARTIDO COLORADO,RAUL ROLON,1206,58.43,SI,1274,6,68,5.6,CORTE_CONCEJAL,NO,414,MARTHA GUILLEN,251
14,CANINDEYU,12,MARACANA,1,PARTIDO COLORADO,PROF. OSCAR ALVAREZ,2493,45.68,NO,2561,6,68,2.7,CORTE_CONCEJAL,NO,300,AGR. FREDY BALBUENA,444
3,CORDILLERA,31,SAN JOSE OBRERO,2,PARTIDO LIBERAL RADICAL AUTENTICO,PABLO CORONEL,1125,49.19,SI,1189,5,64,5.7,CORTE_CONCEJAL,NO,1,PABLO MORALES,214
7,ITAPUA,17,EDELIRA,100,PARTIDO DEMOCRATICO PROGRESISTA,EVER HUGO OVIEDO BOBADILLA,121,1.48,NO,185,0,64,52.9,CORTE_CONCEJAL,NO,1658,DAVID ANTONIO ACOSTA ACEVEDO,114
2,SAN PEDRO,31,YATAITY DEL NORTE,1,PARTIDO COLORADO,LITO GONZALEZ,3009,39.83,NO,3071,4,62,2.1,CORTE_CONCEJAL,NO,1297,DIEGO GONZALEZ,1191
9,PARAGUARI,15,PIRAYU,55,PARTIDO CONVERGENCIA POPULAR SOCIALISTA,ISMAEL CABAÑAS,112,1.24,NO,173,0,61,54.5,CORTE_CONCEJAL,NO,1172,LUIS CAREAGA,63
15,PDTE. HAYES,3,FORTIN JOSE FALCON,1,PARTIDO COLORADO,BLANCA FERREIRA,2816,84.95,SI,2877,11,61,2.2,CORTE_CONCEJAL,NO,2443,LILI FLEITAS,412
8,MISIONES,5,SAN MIGUEL,5,ALIANZA SAN MIGUEL PARA TODOS,ROBERTO GIMENEZ,235,7.66,NO,295,1,60,25.5,CORTE_CONCEJAL,NO,2379,VICENTE CABRAL,92
4,GUAIRA,7,DR. BOTRELL,1,PARTIDO COLORADO,PROF. MARCIANO MARTINEZ FIGUEREDO,701,67.79,SI,760,7,59,8.4,CORTE_CONCEJAL,NO,412,LIC. LIZ GALLARDO,184
7,ITAPUA,17,EDELIRA,7,PARTIDO UNION NACIONAL DE CIUDADANOS ETICOS,BERNARDA MENDOZA ACOSTA,59,0.72,NO,118,0,59,100.0,CORTE_CONCEJAL,NO,1658,SERGIO DENIS CENTURION DUARTE,23
1,CONCEPCION,11,ARROYITO,13,PARTIDO PARTICIPACION CIUDADANA,MARIA CONCEPCION DELVALLE PALACIO,54,1.18,NO,109,0,55,101.9,CORTE_CONCEJAL,NO,1172,SIXTO AYALA BENITEZ,32
4,GUAIRA,15,ITAPE,1,PARTIDO COLORADO,LILI GONZALEZ,1994,47.82,NO,2049,4,55,2.8,CORTE_CONCEJAL,NO,137,DAVID CASTAÑO,330
5,CAAGUAZU,13,JOSE DOMINGO OCAMPOS,1,PARTIDO COLORADO,ERNESTO CRESENCIO VELAZTIQUI BENITEZ,3274,78.05,SI,3328,8,54,1.6,ALINEADO,NO,2497,PROF. NELSON MARTINEZ,594
7,ITAPUA,7,CAPITAN MEZA,7,PARTIDO UNION NACIONAL DE CIUDADANOS ETICOS,JORGE ISMAEL ARRUA MEDINA,460,9.87,NO,513,1,53,11.5,CORTE_CONCEJAL,NO,553,KEVIN ANTONIO TORRES GREVE,146
12,ÑEEMBUCU,21,SAN JUAN BAUTISTA,6,PARTIDO PATRIOTAS INDEPENDIENTES,ADELA BAEZ DE DENIS,27,1.05,NO,80,0,53,196.3,CORTE_CONCEJAL,NO,324,AMILCAR GUSTAVO GUILLEN TRINIDAD,35
1,CONCEPCION,10,PASO BARRETO,1,PARTIDO COLORADO,BRUNO PICCININI,1575,54.42,SI,1627,5,52,3.3,CORTE_CONCEJAL,NO,296,JOSE ESQUIVEL,294
9,PARAGUARI,25,TEBICUARYMI,1,PARTIDO COLORADO,GUSTAVO MARTINEZ,1781,79.3,SI,1833,8,52,2.9,CORTE_CONCEJAL,NO,1527,PERLA MARECOS,442
10,ALTO PARANA,0,CIUDAD DEL ESTE,44,PARTIDO MBORIAH MEMBY,LUIS BARTOLOME CUELLAR FLORES,888,0.67,NO,939,0,51,5.7,CORTE_CONCEJAL,NO,64551,SERGIO FABIAN OJEDA RIVEROS,154
10,ALTO PARANA,2,DR. RAUL PEÑA,1,PARTIDO COLORADO,OSMAR ALVAREZ,1820,59.95,SI,1871,6,51,2.8,CORTE_CONCEJAL,NO,675,CELIA ZARATE,466
4,GUAIRA,30,TEBICUARY,4,ALIANZA PATRIOTICO TEBICUARY,ELADIO RAMON PORTILLO BENITEZ,236,10.71,NO,285,1,49,20.8,ALINEADO,NO,1633,KITO PORTILLO,169
10,ALTO PARANA,25,PRESIDENTE FRANCO,44,PARTIDO MBORIAH MEMBY,HUGO HERNAN RAMIREZ,103,0.29,NO,152,0,49,47.6,ALINEADO,NO,4078,NANCY RAQUEL PERALTA MEDINA,40
8,MISIONES,9,SANTA MARIA,2,PARTIDO LIBERAL RADICAL AUTENTICO,BERNARDO LEME AMARILLA,1076,22.16,NO,1123,3,47,4.4,ALINEADO,NO,2498,DANI KUREPA GARCIA,241
7,ITAPUA,19,FRAM,9,PARTIDO ENCUENTRO NACIONAL,MARTA BETIANA URBA ZADOVSKY,1173,26.07,NO,1219,3,46,3.9,ALINEADO,NO,1314,SOFIA ISABEL RYZAK,171
7,ITAPUA,23,GENERAL DELGADO,2,PARTIDO LIBERAL RADICAL AUTENTICO,"CESAR ""APERE'A"" BENITEZ",1786,43.22,NO,1832,4,46,2.6,ALINEADO,NO,492,CRISTIAN JAVIER IBAÑEZ BOGADO,376
1,CONCEPCION,3,HORQUETA,6,PARTIDO PATRIOTAS INDEPENDIENTES,ELVIO AREVALOS DASPET,199,1.24,NO,244,0,45,22.6,ALINEADO,NO,170,AXCEL FERNANDO GIMENEZ CABAÑAS,51
10,ALTO PARANA,23,ÑACUNDAY,123,PARTIDO YO CREO CONCIENCIA DEMOCRATICA NACIONAL,ROBERTO CARLOS GAONA,280,8.19,NO,325,1,45,16.1,ALINEADO,NO,500,MARIA GORETE HECK,105
9,PARAGUARI,25,TEBICUARYMI,2,PARTIDO LIBERAL RADICAL AUTENTICO,JUAN OSMAR GUILLEN BENITEZ,254,11.31,NO,298,1,44,17.3,ALINEADO,NO,1527,RAQUEL CANTERO RUIZ DIAZ,82
11,CENTRAL,35,YPANE,400,MOVIMIENTO DEPARTAMENTAL UNIDOS PODEMOS,CELSO YNSAURRALDE OVIEDO,225,0.83,NO,269,0,44,19.6,ALINEADO,NO,6412,JOSE DE JESUS FIGUEREDO BENITEZ,44
5,CAAGUAZU,21,R.I. 3 CORRALES,1,PARTIDO COLORADO,DANI GODOY,2532,57.07,SI,2575,5,43,1.7,ALINEADO,NO,690,GUSTAVO MENDOZA,491
10,ALTO PARANA,34,TAVAPY,123,PARTIDO YO CREO CONCIENCIA DEMOCRATICA NACIONAL,RODRIGO CORONEL,380,6.91,NO,422,0,42,11.1,ALINEADO,NO,717,CARMEN BEATRIZ MENDEZ PICO,76
1,CONCEPCION,9,YBY YA'U,1,PARTIDO COLORADO,DR. BARRIOS,5084,59.97,SI,5125,8,41,0.8,ALINEADO,NO,1841,MILCIADES RAMO,647
2,SAN PEDRO,27,UNION,1,PARTIDO COLORADO,GUIDO MANUEL GIMENEZ ZARACHO,2085,70.99,SI,2124,8,39,1.9,ALINEADO,NO,1673,ANTONIO RAUL VILLALBA VENIALGO,359
12,ÑEEMBUCU,29,VILLALBIN,1,PARTIDO COLORADO,PROF. MILCIADES CABALLERO,1033,78.73,SI,1072,10,39,3.8,ALINEADO,NO,800,VERONICA OJEDA,133
7,ITAPUA,55,TRINIDAD,1,PARTIDO COLORADO,NESTOR RAMON GARAY,3583,84.8,SI,3619,11,36,1.0,ALINEADO,NO,3127,HUGO PALACIOS,711
3,CORDILLERA,15,ISLA PUCU,1,PARTIDO COLORADO,JORGE CHAVEZ,1828,44.74,NO,1862,4,34,1.9,ALINEADO,NO,359,DIEGO PAREDES,428
4,GUAIRA,25,ÑUMI,2,PARTIDO LIBERAL RADICAL AUTENTICO,DERLIS RUBEN DUARTE DUARTE,1889,54.91,SI,1923,5,34,1.8,ALINEADO,NO,414,JUAN ALBERTO PERALTA AQUINO,311
2,SAN PEDRO,16,LIBERACION,15,ALIANZA POR UN NUEVO LIBERACION,GUSTAVO AQUINO LEIVA,19,0.18,NO,51,0,32,168.4,ALINEADO,NO,214,CARLOS CABRERA,12
2,SAN PEDRO,19,NUEVA GERMANIA,1,PARTIDO COLORADO,DRA. NELIA SAIZ,2819,83.13,SI,2851,8,32,1.1,ALINEADO,NO,2525,PARINI,412
3,CORDILLERA,19,JUAN DE MENA,1,PARTIDO COLORADO,YIYO SALDIVAR,1998,50.1,SI,2030,5,32,1.6,ALINEADO,NO,95,ING. AGR. CLAUDINO VILLALBA,462
16,ALTO PARAGUAY,2,CARMELO PERALTA,1,PARTIDO COLORADO,WILMAR FERNANDEZ,2293,80.01,SI,2325,10,32,1.4,ALINEADO,NO,1831,PROF. RUMILDO PORTILLO,348
6,CAAZAPA,7,FULGENCIO YEGROS,1,PARTIDO COLORADO,JULIETA DAVALOS,2573,89.31,SI,2603,9,30,1.2,ALINEADO,NO,2573,VICTORINO PAIVA,403
14,CANINDEYU,15,VILLA YGATIMI,1,PARTIDO COLORADO,MILCIADES CAÑETE,2480,41.72,NO,2510,4,30,1.2,ALINEADO,NO,286,ELIESER FLORENTIN,408
14,CANINDEYU,13,SAN ISIDRO CURUGUATY,6,PARTIDO DEMOCRATA CRISTIANO,CARLOS MANUEL ORTIZ VELAZQUEZ,146,1.03,NO,174,0,28,19.2,ALINEADO,NO,3296,EDGARCITO DUARTE,46
15,PDTE. HAYES,3,FORTIN JOSE FALCON,2,PARTIDO LIBERAL RADICAL AUTENTICO,LAURA TERESA BURGOS ESTIGARRIBIA,373,11.25,NO,399,1,26,7.0,ALINEADO,NO,2443,OSVALDO VERGARA GONZALEZ,136
10,ALTO PARANA,7,IRUÑA,1,PARTIDO COLORADO,PROFESOR ELVIO RAMIREZ,1280,56.34,SI,1305,6,25,2.0,ALINEADO,NO,368,PAULO WAGNER,223
4,GUAIRA,30,TEBICUARY,1,PARTIDO COLORADO,VICTOR MARZAL,1869,84.84,SI,1893,8,24,1.3,ALINEADO,NO,1633,ARTEMIO GARCETE,295
8,MISIONES,9,SANTA MARIA,1,PARTIDO COLORADO,DERLIS PINCHO MAIDANA,3574,73.61,SI,3598,9,24,0.7,ALINEADO,NO,2498,DEYBI ENCISO,491
12,ÑEEMBUCU,13,ISLA UMBU,2,PARTIDO LIBERAL RADICAL AUTENTICO,YVAN VELOSO,1105,53.61,SI,1129,5,24,2.2,ALINEADO,NO,179,VIVIAM AÑAZCO VILLAMAYOR,334
14,CANINDEYU,17,YPE JHU,6,PARTIDO PATRIOTAS INDEPENDIENTES,FRANCISCO AGUERO OLIVERA,39,1.2,NO,63,0,24,61.5,ALINEADO,NO,1730,FEDERICO FERNANDO FERNANDEZ LOPEZ,13
17,BOQUERON,3,MCAL.ESTIGARRIBIA,30,PARTIDO NACIONAL DE LA GENTE 30 A,SILVERIO GARCIA,68,1.16,NO,92,0,24,35.3,ALINEADO,NO,1111,PRICI MEZA,46
5,CAAGUAZU,19,NUEVA LONDRES,2,PARTIDO LIBERAL RADICAL AUTENTICO,MANOLO SOLIS,1560,46.75,NO,1583,4,23,1.5,ALINEADO,NO,156,DERLIS ADAN SMITH FRANCO,418
7,ITAPUA,3,BELLA VISTA,6,PARTIDO PATRIOTAS INDEPENDIENTES,LUISA MARGARITA SALAPATA DE SCHNEIDER,414,8.43,NO,437,1,23,5.6,ALINEADO,NO,701,MIGUEL FARIAS,91
15,PDTE. HAYES,2,CAMPO ACEVAL,1,PARTIDO COLORADO,DR. ALBERTO PEREIRA,1130,58.46,SI,1153,6,23,2.0,ALINEADO,NO,363,ELMER FRIESEN,248
7,ITAPUA,57,YATYTAY,123,PARTIDO YO CREO CONCIENCIA DEMOCRATICA NACIONAL,NELSON MARTINEZ GARCETE,316,6.46,NO,338,0,22,7.0,ALINEADO,NO,964,DANIEL ALBERTO PAREDES SILVA,133
14,CANINDEYU,12,MARACANA,911,PARTIDO CRUZADA NACIONAL,ANUNCIO MEDINA NOGUERA,66,1.21,NO,88,0,22,33.3,ALINEADO,NO,300,FRANCIS ALFONZO,22
14,CANINDEYU,19,YBY PYTA,1,PARTIDO COLORADO,DR. DOMINGO ALIENDE,2877,40.86,NO,2899,4,22,0.8,ALINEADO,NO,1163,GUISELA BURGOS,569
4,GUAIRA,31,YATAITY DEL GUAIRA,4,PARTIDO PAIS SOLIDARIO,CRISTIAN CARDOZO,62,2.23,NO,83,0,21,33.9,ALINEADO,NO,72,MIRTA CARDOZO SEGOVIA,20
5,CAAGUAZU,35,VAQUERIA,10,ALIANZA TODOS UNIDOS POR VAQUERIA,DR. EDGAR CANTERO,2818,51.91,SI,2839,5,21,0.7,ALINEADO,NO,278,JUAN GABRIEL AGUERO FERNANDEZ,727
13,AMAMBAY,5,KARAPAI,1,PARTIDO COLORADO,EZEQUIEL AYALA,1310,58.04,SI,1330,6,20,1.5,ALINEADO,NO,714,TITO BENITEZ,283
12,ÑEEMBUCU,3,CERRITO,1,PARTIDO COLORADO,HUGO AYALA,1410,62.83,SI,1429,8,19,1.3,ALINEADO,NO,675,ALIDO SANABRIA,258
12,ÑEEMBUCU,17,MAYOR J. MARTINEZ,7,PARTIDO UNION NACIONAL DE CIUDADANOS ETICOS,ALEJANDRO HIGINIO BORBA AYALA,43,1.77,NO,61,0,18,41.9,ALINEADO,NO,153,CARLOS AUGUSTO ZAYAS SAUCEDO,17
8,MISIONES,17,YAVEVYRY,2,PARTIDO LIBERAL RADICAL AUTENTICO,RAMON RUIZ,182,10.13,NO,199,1,17,9.3,ALINEADO,NO,1214,GRICELDA PAREDES,100
9,PARAGUARI,9,GRAL. BERNARDINO CABALLERO,1,PARTIDO COLORADO,ALITO,2653,76.39,SI,2670,7,17,0.6,ALINEADO,NO,1994,GERMAN MERELES OCAMPOS,516
10,ALTO PARANA,25,PRESIDENTE FRANCO,3,ALIANZA ACUERDO GUARANI,HENRY GONZALEZ,384,1.08,NO,401,0,17,4.4,ALINEADO,NO,4078,WILFRIDO MAIDANA,78
10,ALTO PARANA,34,TAVAPY,1,PARTIDO COLORADO,"ING. TEOFILO ""CACHO"" BAEZ",2160,39.3,NO,2177,4,17,0.8,ALINEADO,NO,717,SILVINA IBARRA,430
11,CENTRAL,21,NUEVA ITALIA,1,PARTIDO COLORADO,ALCIDES GAMARRA LEZCANO,3781,57.83,SI,3797,7,16,0.4,ALINEADO,NO,1246,MARQUITO GAMARRA,704
7,ITAPUA,57,YATYTAY,77,MOVIMIENTO YATYTAY AVANZA,JUAN CARLOS BERNAL FERNANDEZ,301,6.16,NO,316,0,15,5.0,ALINEADO,NO,964,GUSTAVO YIYO CENTURION,98
5,CAAGUAZU,19,NUEVA LONDRES,1,PARTIDO COLORADO,RUTH SMITH,1716,51.42,SI,1729,5,13,0.8,ALINEADO,NO,156,ANDRES BENTO,327
7,ITAPUA,31,JOSE LEANDRO OVIEDO,1,PARTIDO COLORADO,ELENA DUARTE,985,35.25,NO,998,3,13,1.3,ALINEADO,NO,782,DELIO BRIZUELA,249
1,CONCEPCION,4,SGTO.JOSE FELIX LOPEZ,44,PARTIDO MBORIAH MEMBY,NESTOR ROTELA MARTINEZ,54,1.6,NO,65,0,11,20.4,ALINEADO,NO,321,FRANCISCO DIANA,19
6,CAAZAPA,5,DR. MOISES BERTONI,99,PARTIDO POPULAR TEKOJOJA,JORGE YAMIL ESPINOLA CANDIA,24,1.03,NO,33,0,9,37.5,ALINEADO,NO,1586,NICOLAS ESPINOLA BAREIRO,9
16,ALTO PARAGUAY,2,CARMELO PERALTA,2,PARTIDO LIBERAL RADICAL AUTENTICO,SATURNINO BOGADO QUINTANA,462,16.12,NO,471,2,9,1.9,ALINEADO,NO,1831,NURIA ADALIDES MERLO BOGADO,151
3,CORDILLERA,9,CARAGUATAY,40,PARTIDO POPULAR TEKOJOJA,LUCIO GODOY,34,0.61,NO,42,0,8,23.5,ALINEADO,NO,2088,MARCELO ORTIZ ROMAN,7
12,ÑEEMBUCU,5,DESMOCHADOS,1,PARTIDO COLORADO,ADRIANO,1008,98.53,SI,1016,12,8,0.8,ALINEADO,NO,1008,EDUARDO RIOS,300
1,CONCEPCION,2,AZOTEY,2,PARTIDO LIBERAL RADICAL AUTENTICO,LIZ FLEITAS,1199,34.56,NO,1205,3,6,0.5,ALINEADO,NO,1017,CIPRIANO FIGUEREDO DEL PADRE,251
10,ALTO PARANA,33,SANTA ROSA DEL MONDAY,2,PARTIDO LIBERAL RADICAL AUTENTICO,CLEMENTE MEURER EICHELBERGER,116,3.34,NO,122,0,6,5.2,ALINEADO,NO,3062,OTILIA NUÑEZ ESTIGARRIBIA,60
12,ÑEEMBUCU,3,CERRITO,5,ALIANZA YO CREO POR CERRITO,CELSO RIVEROS RIOS,735,32.75,NO,741,4,6,0.8,ALINEADO,NO,675,PATRICIO EVER MOLINAS VILLALBA,175
10,ALTO PARANA,23,ÑACUNDAY,1,PARTIDO COLORADO,RAFAEL RAMIREZ,1756,51.38,SI,1760,5,4,0.2,ALINEADO,NO,500,JOELSON FIORENTIN,303
11,CENTRAL,21,NUEVA ITALIA,400,MOVIMIENTO DEPARTAMENTAL UNIDOS PODEMOS,DIOSNEL BENITEZ CENTURION,48,0.73,NO,51,0,3,6.2,ALINEADO,NO,1246,LILIAN ROSSANA VARGAS DE DELGADO,11
5,CAAGUAZU,13,JOSE DOMINGO OCAMPOS,10,ALIANZA UNIDOS POR JOSE DOMINGO OCAMPOS,ING. HUGO GAVILAN,777,18.52,NO,779,1,2,0.3,ALINEADO,NO,2497,ING. CARLOS LOPEZ,269
12,ÑEEMBUCU,19,PASO DE PATRIA,1,PARTIDO COLORADO,DR. FERNANDEZ,563,39.65,NO,565,4,2,0.4,ALINEADO,NO,275,CYNTHIA IBARRA,168
7,ITAPUA,31,JOSE LEANDRO OVIEDO,2,PARTIDO LIBERAL RADICAL AUTENTICO,JAVIER MORAN,1767,63.24,SI,1767,6,0,0.0,ALINEADO,NO,782,FREDY ANDRES CABRERA NUÑEZ,599
5,CAAGUAZU,23,RAUL ARSENIO OVIEDO,1,PARTIDO COLORADO,EDDY NEUFELD,5255,73.64,SI,5253,9,-2,-0.0,ALINEADO,NO,4160,ÑA MIRNA,1076
7,ITAPUA,35,MAYOR OTAÑO,5,ALIANZA TODOS POR OTAÑO,LEONARDO SALVADOR MORINIGO GONZALEZ,3599,50.0,SI,3595,5,-4,-0.1,ALINEADO,NO,152,ALCIDES ZELINSKI BRITEZ,935
12,ÑEEMBUCU,19,PASO DE PATRIA,2,ALIANZA JUNTOS POR PASO DE PATRIA,ANTONIO GOMEZ CHAMINO,838,59.01,SI,834,5,-4,-0.5,ALINEADO,NO,275,ANALIA GOMEZ VELAZCO,285
3,CORDILLERA,17,ITACURUBI DE LA CORDILLERA,1,PARTIDO COLORADO,JOSE VELAZQUEZ,3541,52.85,SI,3534,5,-7,-0.2,ALINEADO,NO,613,GABRIEL AGUILERA,713
7,ITAPUA,43,PIRAPO,8,PARTIDO PATRIA QUERIDA,MASATOSHI TANAKA,81,2.75,NO,73,0,-8,-9.9,ALINEADO,NO,1292,KEISHIO LEONARDO MIZUMOTO TANAKA,12
14,CANINDEYU,14,PTO. ADELA,1,PARTIDO COLORADO,TOÑIÑO,925,89.72,SI,914,9,-11,-1.2,ALINEADO,NO,925,LAERCIO BOROFSKI,142
15,PDTE. HAYES,7,PUERTO PINASCO,911,PARTIDO CRUZADA NACIONAL,DRA. BLANCA AMARILLA,368,10.5,NO,357,1,-11,-3.0,ALINEADO,NO,1629,PEDRO PADRON,108
13,AMAMBAY,5,KARAPAI,10,ALIANZA UNIDOS POR KARAPAI,DR. RODRIGO DUARTE,596,26.41,NO,584,2,-12,-2.0,ALINEADO,NO,714,EDUARDO LOPEZ,166
1,CONCEPCION,4,SGTO.JOSE FELIX LOPEZ,1,PARTIDO COLORADO,HUMBERTO DAVID CENTURION RIVAS,1480,43.74,NO,1467,5,-13,-0.9,ALINEADO,NO,321,ELOISA FERREIRA DE CABRERA,205
13,AMAMBAY,5,KARAPAI,300,PARTIDO PATRIA SOÑADA,ANDRES WIDILFO SAFI SAMANIEGO,319,14.13,NO,302,1,-17,-5.3,ALINEADO,NO,714,JOAQUIN MEZA,188
3,CORDILLERA,15,ISLA PUCU,2,PARTIDO LIBERAL RADICAL AUTENTICO,STACY LOPEZ,2187,53.52,SI,2168,5,-19,-0.9,ALINEADO,NO,359,LIC. DIEGO GONZALEZ,427
5,CAAGUAZU,35,VAQUERIA,1,PARTIDO COLORADO,ING. VIDAL CASTELLANO,2540,46.79,NO,2521,4,-19,-0.7,ALINEADO,NO,278,DERLIS TORALES,559
7,ITAPUA,19,FRAM,2,PARTIDO LIBERAL RADICAL AUTENTICO,PABLO GIMENEZ,761,16.91,NO,742,2,-19,-2.5,ALINEADO,NO,1314,JUAN HAZEVICH NOVOSAK,169
11,CENTRAL,7,ITA,1,PARTIDO COLORADO,ING. ENRIQUE PEREIRA,15773,42.37,NO,15754,5,-19,-0.1,ALINEADO,NO,4449,DAY BRAJIN,2930
15,PDTE. HAYES,2,CAMPO ACEVAL,2,ALIANZA UNIDOS POR EL CAMBIO,VICTOR AURELIO TORRES,767,39.68,NO,748,3,-19,-2.5,ALINEADO,NO,363,JUAN MARTINEZ RIVAS,139
12,ÑEEMBUCU,29,VILLALBIN,5,ALIANZA JUNTOS POR VILLALBIN,SERVILIANO MARIN TOLEDO,233,17.76,NO,213,2,-20,-8.6,ALINEADO,NO,800,RUMILDA ELVIRA LOPEZ RIVEROS,46
5,CAAGUAZU,1,3 DE FEBRERO,1,PARTIDO COLORADO,JOAQUIN LOPEZ,2618,52.31,SI,2597,5,-21,-0.8,ALINEADO,NO,319,MIRTA RIVERO,460
12,ÑEEMBUCU,13,ISLA UMBU,1,PARTIDO COLORADO,PELAGIO COLMAN,926,44.93,NO,903,4,-23,-2.5,ALINEADO,NO,179,LORENZO VELOSO,229
16,ALTO PARAGUAY,3,BAHIA NEGRA,2,ALIANZA UNIDOS POR BAHIA NEGRA,YONI BENITEZ,220,15.91,NO,194,1,-26,-11.8,ALINEADO,NO,364,LUIS ALBERTO DA SILVA MERELES,50
5,CAAGUAZU,21,R.I. 3 CORRALES,2,PARTIDO LIBERAL RADICAL AUTENTICO,PROF. PEDRO LUIS VERA GONZALEZ,1842,41.51,NO,1815,4,-27,-1.5,ALINEADO,NO,690,PROFE. DANI FIGUEREDO,380
11,CENTRAL,29,VILLA ELISA,2026,ALIANZA ACUERDO GUARANI,JOSE ALVARENGA,477,1.22,NO,450,0,-27,-5.7,ALINEADO,NO,5406,CESAR GONZALEZ,71
7,ITAPUA,19,FRAM,1,PARTIDO COLORADO,LORENA KRIVENCHUK,2487,55.28,SI,2458,7,-29,-1.2,ALINEADO,NO,1314,JOSE SOROKA,925
7,ITAPUA,15,CORONEL BOGADO,1,PARTIDO COLORADO,JHONY GILES,5922,58.74,SI,5892,7,-30,-0.5,ALINEADO,NO,1994,RUBEN OSCON,755
7,ITAPUA,23,GENERAL DELGADO,1,PARTIDO COLORADO,CHRISTIAN ACOSTA,2278,55.13,SI,2248,5,-30,-1.3,ALINEADO,NO,492,JOSE TORRES,486
14,CANINDEYU,17,YPE JHU,1,PARTIDO COLORADO,RICARDO BALCAZAR,2444,74.97,SI,2411,9,-33,-1.4,ALINEADO,NO,1730,LIC. JONATAN RAMIREZ,383
4,GUAIRA,25,ÑUMI,1,PARTIDO COLORADO,DR. ANTHONY,1475,42.88,NO,1441,4,-34,-2.3,ALINEADO,NO,414,HUGUITO,336
15,PDTE. HAYES,4,GRAL. JOSE M. BRUGUEZ,1,PARTIDO COLORADO,ROLO GUERRA,1188,86.02,SI,1151,11,-37,-3.1,ALINEADO,NO,1188,SILVIO VARGAS,197
2,SAN PEDRO,24,SANTA ROSA DEL AGUARAY,77,MOVIMIENTO JUNTOS POR SANTA ROSA,ROSANA OVIEDO,987,7.61,NO,948,1,-39,-4.0,ALINEADO,NO,1067,LALO BRUNO DUARTE,181
8,MISIONES,11,SANTA ROSA,1,PARTIDO COLORADO,IGNACIO SEGOVIA,6135,56.8,SI,6096,7,-39,-0.6,ALINEADO,NO,1643,EVA NILDA DIAZ,958
1,CONCEPCION,3,HORQUETA,15,ALIANZA ACUERDO GUARANI HORQUETA,LUCAS SILVA SARTORIO,461,2.87,NO,421,0,-40,-8.7,ALINEADO,NO,170,HERCULANO MEDINA,72
15,PDTE. HAYES,5,NANAWA,7,PARTIDO UNION NACIONAL DE CIUDADANOS ETICOS,ABG. GUSTAVO VIVEROS,426,10.04,NO,385,0,-41,-9.6,ALINEADO,NO,2257,ABG. WILMA ARCE,94
2,SAN PEDRO,17,LIMA,5,ALIANZA POR LIMA MEJOR,PROF. CRISTIAN GARCIA,1048,21.76,NO,1004,2,-44,-4.2,ALINEADO,NO,959,WILLIAM VERGARA VILLALBA,387
3,CORDILLERA,3,ALTOS,2,PARTIDO LIBERAL RADICAL AUTENTICO,CESAR FERREIRA,5126,61.51,SI,5082,8,-44,-0.9,ALINEADO,NO,2204,ALBA GAVILAN DE ARZAMENDIA,740
3,CORDILLERA,31,SAN JOSE OBRERO,1,PARTIDO COLORADO,DIEGO MARTINEZ,1124,49.15,NO,1080,4,-44,-3.9,ALINEADO,NO,1,ERICO LOPEZ,208
4,GUAIRA,15,ITAPE,2,ALIANZA ITAPE PARA TODOS,LUZ TORRES DE ROTELA,2131,51.1,SI,2087,5,-44,-2.1,ALINEADO,NO,137,IGNACIO ROTELA ALVARENGA,608
4,GUAIRA,7,DR. BOTRELL,123,PARTIDO YO CREO CONCIENCIA DEMOCRATICA NACIONAL,ELIGIO VAZQUEZ PEREZ,289,27.95,NO,243,2,-46,-15.9,ALINEADO,NO,412,GUIDO JAVIER ESCURRA ROMAN,61
7,ITAPUA,51,SAN RAFAEL DEL PARANA,2,PARTIDO LIBERAL RADICAL AUTENTICO,DERLIS GONZALEZ,3058,38.16,NO,3012,5,-46,-1.5,ALINEADO,NO,392,EUCEBIO SOTOMAYOR,456
6,CAAZAPA,5,DR. MOISES BERTONI,123,PARTIDO YO CREO CONCIENCIA DEMOCRATICA NACIONAL,FREDY RENE RIQUELME LOPEZ,306,13.13,NO,259,1,-47,-15.4,ALINEADO,NO,1586,LUNA AGUIRRE,169
2,SAN PEDRO,5,CAPIIVARY,911,PARTIDO CRUZADA NACIONAL,ABG. SALOMON RUIZ DIAZ,267,1.66,NO,217,0,-50,-18.7,ALINEADO,NO,1311,RAMON EZQUIVEL,105
3,CORDILLERA,1,1RO. DE MARZO,2,PARTIDO LIBERAL RADICAL AUTENTICO,MILCIADES AGUAYO,1477,50.84,SI,1426,5,-51,-3.5,TRACCION_INTENDENTE,NO,762,LUPER,286
1,CONCEPCION,10,PASO BARRETO,2,ALIANZA UNIDOS POR PASO BARRETO,PROF. MILCIADES ARCE,1279,44.19,NO,1226,4,-53,-4.1,TRACCION_INTENDENTE,NO,296,AMANDA MIRANDA,214
17,BOQUERON,3,MCAL.ESTIGARRIBIA,123,ALIANZA FUERZA MARISCAL,CAROLINA GONZALEZ SAMUDIO,1677,28.53,NO,1624,3,-53,-3.2,TRACCION_INTENDENTE,NO,1111,DIANA CONCEPCION CANO DE IRALA,439
9,PARAGUARI,25,TEBICUARYMI,123,PARTIDO YO CREO CONCIENCIA DEMOCRATICA NACIONAL,LIZA LILIANA SOLIS CAÑETE,100,4.45,NO,45,0,-55,-55.0,TRACCION_INTENDENTE,NO,1527,SALLY ROMINA CONTRERA IRALA,15
11,CENTRAL,21,NUEVA ITALIA,2,PARTIDO LIBERAL RADICAL AUTENTICO,OSCAR PELAGIO ZABALA HIDALGO,2535,38.77,NO,2478,5,-57,-2.2,TRACCION_INTENDENTE,NO,1246,ROBERT AGUSTIN VALDEZ COLMAN,465
4,GUAIRA,3,CAP. MAURICIO JOSE TROCHE,123,ALIANZA YO CREO MAURICIO JOSE TROCHE,ANDRESA BENITEZ VDA DE MENDEZ,1351,24.97,NO,1292,2,-59,-4.4,TRACCION_INTENDENTE,NO,2534,FELIX BENICIO NUÑEZ ESPINOLA,270
10,ALTO PARANA,21,NARANJAL,2,ALIANZA NARANJAL PARA TODOS,ELVA VILLALBA,314,9.44,NO,255,1,-59,-18.8,TRACCION_INTENDENTE,NO,2577,NELSON DAVID BENITEZ,94
12,ÑEEMBUCU,23,TACUARAS,2,PARTIDO LIBERAL RADICAL AUTENTICO,LORENZO IRUN,792,38.37,NO,732,3,-60,-7.6,TRACCION_INTENDENTE,NO,414,JULIO JAVIER ACEVAL DELGADO,172
14,CANINDEYU,15,VILLA YGATIMI,123,PARTIDO YO CREO CONCIENCIA DEMOCRATICA NACIONAL,JUAN GREGORIO LOPEZ GAYOZO,624,10.5,NO,564,1,-60,-9.6,TRACCION_INTENDENTE,NO,286,ARNALDO VILLAGRA RAMIREZ,130
1,CONCEPCION,2,AZOTEY,1,PARTIDO COLORADO,MICHEL WYDER RODRIGUEZ,2216,63.88,SI,2154,6,-62,-2.8,TRACCION_INTENDENTE,NO,1017,CLAUDIO ROA CAPULLO,331
2,SAN PEDRO,21,SAN ESTANISLAO,912,ALIANZA ACUERDO GUARANI,HUGO CORREA,413,2.14,NO,351,0,-62,-15.0,TRACCION_INTENDENTE,NO,8333,DOMICIANO BARRIOS,103
10,ALTO PARANA,34,TAVAPY,2,PARTIDO LIBERAL RADICAL AUTENTICO,ANIBAL FIDABEL ROMERO,2877,52.35,SI,2815,5,-62,-2.2,TRACCION_INTENDENTE,NO,717,ÑA ANA ACOSTA,609
2,SAN PEDRO,24,SANTA ROSA DEL AGUARAY,44,PARTIDO MBORIAH MEMBY,CARLOS ANTONIO PESOA VERA,187,1.44,NO,124,0,-63,-33.7,TRACCION_INTENDENTE,NO,1067,SILVIA ELENA NUÑEZ GIMENEZ,22
5,CAAGUAZU,23,RAUL ARSENIO OVIEDO,123,PARTIDO YO CREO CONCIENCIA DEMOCRATICA NACIONAL,JUAN JOSE OLAZAR TORALES,602,8.44,NO,539,1,-63,-10.5,TRACCION_INTENDENTE,NO,4160,NARCISO CORREA CASCO,131
9,PARAGUARI,19,QUYQUYHO,2,PARTIDO LIBERAL RADICAL AUTENTICO,CAROLINA BENITEZ,1005,32.85,NO,942,3,-63,-6.3,TRACCION_INTENDENTE,NO,990,MARGARITA MARIA APONTE DE ACHAR,338
5,CAAGUAZU,31,SANTA ROSA DEL MBUTUY,1,PARTIDO COLORADO,ANTONIO HIDALGO MOLINA,3093,49.94,SI,3029,4,-64,-2.1,TRACCION_INTENDENTE,NO,104,EVER ALDERETE,642
5,CAAGUAZU,17,FRANCISCO SOLANO LOPEZ,5,ALIANZA UNIDOS POR MARISCAL LOPEZ,JIMY LOPEZ,487,18.41,NO,422,1,-65,-13.3,TRACCION_INTENDENTE,NO,1587,DOÑA BERTA,112
11,CENTRAL,3,FERNANDO DE LA MORA,1,PARTIDO COLORADO,ARIEL OJEDA,24617,41.93,NO,24550,6,-67,-0.3,ALINEADO,NO,3707,MARCELO RIVERA,3656
12,ÑEEMBUCU,9,GUAZU CUA,2,ALIANZA JUNTOS PODEMOS,GLORIA ZARATE,607,37.66,NO,540,3,-67,-11.0,TRACCION_INTENDENTE,NO,362,FREDY BUSTTO,166
1,CONCEPCION,4,SGTO.JOSE FELIX LOPEZ,2,PARTIDO LIBERAL RADICAL AUTENTICO,NESTOR CORONEL DUARTE,1801,53.22,SI,1733,7,-68,-3.8,TRACCION_INTENDENTE,NO,321,ORLANDO ABEL VERA ALVARENGA,210
15,PDTE. HAYES,11,TTE. ESTEBAN MARTINEZ,2,PARTIDO LIBERAL RADICAL AUTENTICO,HECTOR DANIEL GONZALEZ RAMIREZ,489,55.25,SI,417,4,-72,-14.7,TRACCION_INTENDENTE,NO,102,HUGO ARIEL GONZALEZ RAMIREZ,104
9,PARAGUARI,13,MBUYAPEY,2,PARTIDO LIBERAL RADICAL AUTENTICO,ANA APONTE,2738,55.74,SI,2660,5,-78,-2.8,TRACCION_INTENDENTE,NO,667,VIVIANA APONTE,727
7,ITAPUA,35,MAYOR OTAÑO,1,PARTIDO COLORADO,DARIO SAINGER,3447,47.89,NO,3368,4,-79,-2.3,TRACCION_INTENDENTE,NO,152,RUBIO CHAVEZ,858
3,CORDILLERA,19,JUAN DE MENA,2,PARTIDO LIBERAL RADICAL AUTENTICO,JUANCHI MENDOZA,1903,47.72,NO,1823,4,-80,-4.2,TRACCION_INTENDENTE,NO,95,ARNALDO RAFAEL,346
5,CAAGUAZU,5,CARAYAO,123,ALIANZA CARAYAO EN ALIANZA PARA TODOS,ELIO GIMENEZ,2411,38.74,NO,2331,3,-80,-3.3,TRACCION_INTENDENTE,NO,1255,GABINO CESAR MEDINA,606
11,CENTRAL,15,LIMPIO,400,MOVIMIENTO DEPARTAMENTAL UNIDOS PODEMOS,ANTONIO SACHAK,295,0.61,NO,214,0,-81,-27.5,TRACCION_INTENDENTE,NO,1206,LUCAS BENITEZ GOMEZ,47
1,CONCEPCION,12,PASO HORQUETA,1,PARTIDO COLORADO,ALBERTO CASASNOVAS,1515,44.04,NO,1432,4,-83,-5.5,TRACCION_INTENDENTE,NO,352,ÑA MIRIAN,331
12,ÑEEMBUCU,27,VILLA OLIVA,2,PARTIDO LIBERAL RADICAL AUTENTICO,JOEL AGUERO,1166,43.97,NO,1081,4,-85,-7.3,TRACCION_INTENDENTE,NO,259,SILVESTRE ORTELLADO M,198
1,CONCEPCION,13,ITACUA,2,PARTIDO LIBERAL RADICAL AUTENTICO,PALI FERREIRA,842,58.19,SI,755,5,-87,-10.3,TRACCION_INTENDENTE,NO,255,TAMBU TORRES,146
7,ITAPUA,33,LA PAZ,2,PARTIDO LIBERAL RADICAL AUTENTICO,JUAN DE LA CRUZ DURE GALEANO,527,30.93,NO,440,3,-87,-16.5,TRACCION_INTENDENTE,NO,587,NELSON OLIVEIRA MARTINEZ,146
14,CANINDEYU,12,MARACANA,5,ALIANZA UNIDOS POR MARACANA,JOSE MARIA CANTERO GIMENEZ,2793,51.18,SI,2705,6,-88,-3.2,TRACCION_INTENDENTE,NO,300,MIRTHA CAROLINA CANTERO GIMENEZ,453
4,GUAIRA,19,JOSE A. FASSARDI,1,PARTIDO COLORADO,RUBEN MARTINEZ,2582,79.47,SI,2493,9,-89,-3.4,TRACCION_INTENDENTE,NO,2008,FAUSTO SILVERO,442
15,PDTE. HAYES,7,PUERTO PINASCO,2,PARTIDO LIBERAL RADICAL AUTENTICO,GUSTAVO ADOLFO FERNANDEZ ROMERO,573,16.35,NO,484,2,-89,-15.5,TRACCION_INTENDENTE,NO,1629,OSCAR RAMON ACOSTA CANTERO,146
2,SAN PEDRO,23,SAN PABLO,5,ALIANZA UNIDOS POR SAN PABLO,ABOG. JORGE CODAS,1484,56.95,SI,1394,5,-90,-6.1,TRACCION_INTENDENTE,NO,408,DARIO RIVEROS,308
7,ITAPUA,49,SAN PEDRO DEL PARANA,2,PARTIDO LIBERAL RADICAL AUTENTICO,NELSON INOCENCIO ALVAREZ VERA,5253,43.23,NO,5163,5,-90,-1.7,ALINEADO,NO,1351,LUIS ALBERTO TRINIDAD,954
9,PARAGUARI,31,YBYTYMI,2,PARTIDO LIBERAL RADICAL AUTENTICO,GLORIA CAPLI ELI,2315,59.16,SI,2220,5,-95,-4.1,TRACCION_INTENDENTE,NO,757,HUGO RICARDO CAPLI BENTO,395
1,CONCEPCION,6,SAN CARLOS DEL APA,2,PARTIDO LIBERAL RADICAL AUTENTICO,RAUL JANEIRO LUGO,356,29.77,NO,260,2,-96,-27.0,TRACCION_INTENDENTE,NO,458,LEONARDO FERNANDEZ QUINTANA,54
1,CONCEPCION,0,CONCEPCION,123,ALIANZA JUNTOS POR CONCEPCION,EL PROFE. ARQUI. FRANCISCO HUERTA,782,2.92,NO,683,0,-99,-12.7,TRACCION_INTENDENTE,NO,8007,"GUILLERMO ""MEMO"" VALDEZ MARTINEZ",318
4,GUAIRA,9,FELIX PEREZ CARDOZO,1,PARTIDO COLORADO,ELVA MERELES,2706,76.7,SI,2607,7,-99,-3.7,TRACCION_INTENDENTE,NO,1996,ROSALINO TOLEDO,427
10,ALTO PARANA,3,DOMINGO MARTINEZ DE IRALA,2,PARTIDO LIBERAL RADICAL AUTENTICO,ADRIANA DEL CARMEN NERVI ALDERETE,1597,42.9,NO,1496,4,-101,-6.3,TRACCION_INTENDENTE,NO,488,CLAUDELINO BOGADO BENEGA,320
1,CONCEPCION,1,BELEN,2,PARTIDO LIBERAL RADICAL AUTENTICO,ONCHI MEDINA,292,5.71,NO,190,0,-102,-34.9,TRACCION_INTENDENTE,NO,4462,ATILIO ROJAS ESPINOLA,36
3,CORDILLERA,25,NUEVA COLOMBIA,2,ALIANZA JOAJU TAVA NUEVA COLOMBIA RAYHUHAVO,CYNTIA ESTIGARRIBIA,1539,44.08,NO,1436,4,-103,-6.7,TRACCION_INTENDENTE,NO,333,HUGO FRANCISCO INSFRAN PAREDES,334
2,SAN PEDRO,15,ITACURUBI DEL ROSARIO,2,PARTIDO LIBERAL RADICAL AUTENTICO,GUIDO RAMON OVELAR,802,16.32,NO,697,1,-105,-13.1,TRACCION_INTENDENTE,NO,3050,RUBITO SANABRIA,207
2,SAN PEDRO,27,UNION,4,MOVIMIENTO RENACER UNIONENSE,RICARDO BORJA MEZA,348,11.85,NO,239,0,-109,-31.3,TRACCION_INTENDENTE,NO,1673,FLORENCIO BURGOS,43
14,CANINDEYU,16,YASY CAÑY,53,MOVIMIENTO IMPULSO POPULAR DE LOS TRABAJADORES,NOLBERTO ROLON,944,10.05,NO,835,0,-109,-11.5,TRACCION_INTENDENTE,NO,2417,ALEJANDRINO FRANCO,388
15,PDTE. HAYES,7,PUERTO PINASCO,300,PARTIDO PATRIA SOÑADA,SILVINO FERNANDEZ RAMIREZ,312,8.9,NO,202,0,-110,-35.3,TRACCION_INTENDENTE,NO,1629,LILIANO ZAVALA TORALES,65
3,CORDILLERA,23,MBOCAYATY DEL YHAGUY,1,PARTIDO COLORADO,FIDEL OVIEDO,895,38.71,NO,783,3,-112,-12.5,TRACCION_INTENDENTE,NO,459,YONI FROILAN OVELAR CUENCA,258
3,CORDILLERA,33,SANTA ELENA,2,PARTIDO LIBERAL RADICAL AUTENTICO,LIC. MARIA PABLA CACERES,977,31.07,NO,864,2,-113,-11.6,TRACCION_INTENDENTE,NO,1079,CESAR AGUSTIN BALBUENA CACERES,265
6,CAAZAPA,2,3 DE MAYO,123,PARTIDO YO CREO CONCIENCIA DEMOCRATICA NACIONAL,CARMELO BAEZ CARDOZO,846,14.91,NO,730,1,-116,-13.7,TRACCION_INTENDENTE,NO,1077,CARLOS MIGUEL SOSA GONZALEZ,191
7,ITAPUA,17,EDELIRA,123,PARTIDO YO CREO CONCIENCIA DEMOCRATICA NACIONAL,MARCELINO RAMON NUÑEZ GUTIERREZ,1127,13.77,NO,1010,1,-117,-10.4,TRACCION_INTENDENTE,NO,1658,EMIGDIO JOEL ROMAN PRIETO,212
11,CENTRAL,29,VILLA ELISA,2,PARTIDO LIBERAL RADICAL AUTENTICO,SERGIO ESTIGARRIBIA,20453,52.42,SI,20336,7,-117,-0.6,ALINEADO,NO,5406,KILI ESTIGARRIBIA,3381
16,ALTO PARAGUAY,3,BAHIA NEGRA,8,PARTIDO PATRIA QUERIDA,SANTIAGO FERREIRA BARBOZA,387,27.98,NO,270,2,-117,-30.2,TRACCION_INTENDENTE,NO,364,ALEJO FERREIRA BARBOZA,60
12,ÑEEMBUCU,11,HUMAITA,2,PARTIDO LIBERAL RADICAL AUTENTICO,JULIO CABALLERO,703,39.67,NO,585,4,-118,-16.8,TRACCION_INTENDENTE,NO,319,"PEDRO ""MACHITO"" OJEDA",142
12,ÑEEMBUCU,17,MAYOR J. MARTINEZ,5,ALIANZA MAYOR MARTINEZ ESTA EN MARCHA,VICTOR ARRUA,1081,44.5,NO,961,4,-120,-11.1,TRACCION_INTENDENTE,NO,153,ROLANDO ACOSTA,255
8,MISIONES,13,SANTIAGO,2,PARTIDO LIBERAL RADICAL AUTENTICO,VICTOR BEBECHO LARRE,2228,46.08,NO,2107,5,-121,-5.4,TRACCION_INTENDENTE,NO,316,ARAMI QUIÑONEZ,380
1,CONCEPCION,8,SAN ALFREDO,2,PARTIDO LIBERAL RADICAL AUTENTICO,MARIO BAEZ,819,41.3,NO,696,4,-123,-15.0,TRACCION_INTENDENTE,NO,314,ALICIA MONTIEL,134
5,CAAGUAZU,1,3 DE FEBRERO,10,ALIANZA UNIDOS POR 3 DE FEBRERO,ALCIDES ORUE ROSALEZ,2299,45.93,NO,2173,4,-126,-5.5,TRACCION_INTENDENTE,NO,319,ILDA COHENE GIMENEZ,397
3,CORDILLERA,21,LOMA GRANDE,2,PARTIDO LIBERAL RADICAL AUTENTICO,JOSETO VERA,1719,42.3,NO,1591,3,-128,-7.4,TRACCION_INTENDENTE,NO,504,CHRISTIAN MANUEL ESPINOLA RAMIREZ,292
12,ÑEEMBUCU,21,SAN JUAN BAUTISTA,2,PARTIDO LIBERAL RADICAL AUTENTICO,CARLOS CATALINO ENCINA PORTILLO,1394,54.03,SI,1266,6,-128,-9.2,TRACCION_INTENDENTE,NO,324,OSCAR DANIEL PEREZ,233
15,PDTE. HAYES,9,TTE. IRALA FERNANDEZ,1,PARTIDO COLORADO,LIC. OSCAR GIMENEZ,3365,56.58,SI,3237,8,-128,-3.8,TRACCION_INTENDENTE,NO,935,ALFRED HIEBERT,623
10,ALTO PARANA,1,DR. J. L. MALLORQUIN,20,ALIANZA MALLORQUINA,ELVIO RAMON CORONEL GENEZ,5165,49.42,SI,5036,6,-129,-2.5,TRACCION_INTENDENTE,NO,99,DERLIS ARTURO CABALLERO,644
13,AMAMBAY,4,ZANJA PYTA,2,PARTIDO LIBERAL RADICAL AUTENTICO,ANDRES ORTIZ,1307,43.9,NO,1176,4,-131,-10.0,TRACCION_INTENDENTE,NO,272,CESAR OCAMPOS,367
13,AMAMBAY,1,BELLA VISTA,2,PARTIDO LIBERAL RADICAL AUTENTICO,VILMA SANCHEZ FLEITAS,1767,37.04,NO,1630,4,-137,-7.8,TRACCION_INTENDENTE,NO,1134,DARIO VILLALBA,218
8,MISIONES,7,SAN PATRICIO,5,ALIANZA TODOS POR SAN PATRICIO,ADRIANA RODRIGUEZ,1998,54.47,SI,1860,5,-138,-6.9,TRACCION_INTENDENTE,NO,388,TOMAS LARRE,328
11,CENTRAL,15,LIMPIO,1,PARTIDO COLORADO,MANUEL AGUILAR,22239,45.64,NO,22101,6,-138,-0.6,ALINEADO,NO,1206,LIC. GISELLE PAREDES,4612
14,CANINDEYU,20,LAUREL,5,ALIANZA DEMOCRATICA RENACER DE LAUREL,"HUGO ""KAVALI"" CANDIA R.",693,38.56,NO,555,3,-138,-19.9,TRACCION_INTENDENTE,NO,371,JULIO CESAR CANDIA RIVA,193
8,MISIONES,15,VILLA FLORIDA,2,PARTIDO LIBERAL RADICAL AUTENTICO,REMIGIO GORDI GONZALEZ,1307,48.79,NO,1168,5,-139,-10.6,TRACCION_INTENDENTE,NO,6,BEBO GONZALEZ,243
7,ITAPUA,15,CORONEL BOGADO,2,ALIANZA UNIDOS POR CORONEL BOGADO,RAMON FALCON BAEZ,3928,38.96,NO,3787,5,-141,-3.6,TRACCION_INTENDENTE,NO,1994,ROBERTO MARTIN LEVKO MASEK,738
10,ALTO PARANA,35,YGUAZU,22,ALIANZA YGUAZU SOMOS TODOS,ALEJANDRO MENDOZA,1055,21.05,NO,914,2,-141,-13.4,TRACCION_INTENDENTE,NO,2670,HUGO FRANCO,203
4,GUAIRA,23,NATALICIO TALAVERA,2,PARTIDO LIBERAL RADICAL AUTENTICO,FELIX MARTINEZ,857,23.93,NO,715,2,-142,-16.6,TRACCION_INTENDENTE,NO,1766,ANTONIO ESCOBAR SAMUDIO,204
12,ÑEEMBUCU,7,GRAL. JOSE E. DIAZ,5,ALIANZA JUNTOS POR GENERAL DIAZ,WALY,454,21.33,NO,312,1,-142,-31.3,TRACCION_INTENDENTE,NO,1162,SERGIO HERNAN RAMIREZ QUINTANA,80
10,ALTO PARANA,2,DR. RAUL PEÑA,2,PARTIDO LIBERAL RADICAL AUTENTICO,MARCIA PETRI,1145,37.71,NO,1001,3,-144,-12.6,TRACCION_INTENDENTE,NO,675,GUSTAVO CANO,337
6,CAAZAPA,3,BUENA VISTA,5,ALIANZA PATRIOTICA BUENA VISTEÑA,TANI SILVERO,1841,50.12,SI,1696,4,-145,-7.9,TRACCION_INTENDENTE,NO,75,CARLOS MILCIADES GIMENEZ,383
7,ITAPUA,3,BELLA VISTA,2,ALIANZA BELLA VISTA EN MARCHA,CESAR CARDOZO,1307,26.62,NO,1162,3,-145,-11.1,TRACCION_INTENDENTE,NO,701,YEISSON LINK,250
15,PDTE. HAYES,5,NANAWA,2,PARTIDO LIBERAL RADICAL AUTENTICO,HECTOR CANTERO,682,16.07,NO,537,1,-145,-21.3,TRACCION_INTENDENTE,NO,2257,VICTOR HUGO CANTERO RIVEROS,225
5,CAAGUAZU,33,SIMON BOLIVAR,2,PARTIDO LIBERAL RADICAL AUTENTICO,JUAN CARLOS AMARILLA MARTINEZ,2150,62.32,SI,1998,6,-152,-7.1,TRACCION_INTENDENTE,NO,947,FERNANDA CHAMORRO AMARILLA,485
11,CENTRAL,35,YPANE,2,PARTIDO LIBERAL RADICAL AUTENTICO,JACOBO ORTIZ,9604,35.25,NO,9451,4,-153,-1.6,ALINEADO,NO,6412,HORACIO ORTIZ ALBRECHT,3558
5,CAAGUAZU,27,SAN JOAQUIN,123,ALIANZA UNIDOS POR SAN JOAQUIN,LORENSO ROJAS,3191,47.79,NO,3037,4,-154,-4.8,TRACCION_INTENDENTE,NO,213,MILCIADES SOSA,602
2,SAN PEDRO,31,YATAITY DEL NORTE,2,PARTIDO LIBERAL RADICAL AUTENTICO,GUIDO GARCETE,4306,57.0,SI,4151,5,-155,-3.6,TRACCION_INTENDENTE,NO,1297,"CESAR ""DESI"" DURE",604
7,ITAPUA,13,CARMEN DEL PARANA,3,ALIANZA RENACER CARMEÑO,DANIEL VIVEROS ARGUELLO,1667,38.78,NO,1512,4,-155,-9.3,TRACCION_INTENDENTE,NO,805,OSCAR IGNACIO RAMIREZ BENITEZ,316
13,AMAMBAY,3,CAPITAN BADO,1,PARTIDO COLORADO,RODNEY VILLALBA,6426,74.44,SI,6270,9,-156,-2.4,TRACCION_INTENDENTE,NO,4544,SALOMON PERALTA,802
7,ITAPUA,45,SAN COSME Y DAMIAN,10,ALIANZA UNIDOS POR SAN COSME,ANIBAL MAIDANA VERA,1626,40.86,NO,1468,4,-158,-9.7,TRACCION_INTENDENTE,NO,642,CLAUDIO DAVID FLORES SILVERO,295
11,CENTRAL,19,MARIANO R. ALONSO,400,MOVIMIENTO DEPARTAMENTAL UNIDOS PODEMOS,LIC. MANUEL MARTINEZ,620,1.39,NO,459,0,-161,-26.0,TRACCION_INTENDENTE,NO,4075,PABLO GOMEZ AVEIRO,75
3,CORDILLERA,1,1RO. DE MARZO,6,PARTIDO PATRIOTAS INDEPENDIENTES,GUSTAVO ARIEL GAYOSO PEREZ,574,19.76,NO,400,1,-174,-30.3,TRACCION_INTENDENTE,NO,762,ELADIO RUBEN SALDIVAR SAMUDIO,135
6,CAAZAPA,13,SAN JUAN NEPOMUCENO,123,ALIANZA SAN JUAN CREO 2026,PROF. LETICIA RIVEROS,3798,30.75,NO,3621,3,-177,-4.7,TRACCION_INTENDENTE,NO,4277,RENE LOPEZ,693
11,CENTRAL,15,LIMPIO,911,PARTIDO CRUZADA NACIONAL,OLIVER CHOCHO ALVARENGA,982,2.02,NO,804,0,-178,-18.1,TRACCION_INTENDENTE,NO,1206,ELADIO MARTINEZ,188
5,CAAGUAZU,20,NUEVA TOLEDO,123,PARTIDO YO CREO CONCIENCIA DEMOCRATICA NACIONAL,YDEMAR ZWIRTES SCHONR,637,25.86,NO,458,2,-179,-28.1,TRACCION_INTENDENTE,NO,197,DIONISIO CHAPARRO DAVALOS,127
14,CANINDEYU,15,VILLA YGATIMI,2,PARTIDO LIBERAL RADICAL AUTENTICO,DR ROTELA,2766,46.53,SI,2582,4,-184,-6.7,TRACCION_INTENDENTE,NO,286,FERNANDO JAVIER,534
9,PARAGUARI,12,MARIA ANTONIA,3,ALIANZA TODOS POR MARIA ANTONIA,FIDELINO,631,30.02,NO,438,2,-193,-30.6,TRACCION_INTENDENTE,NO,779,ATILIO BENEGAS VELAZQUEZ,129
4,GUAIRA,11,GRAL. E. A. GARAY,123,ALIANZA YO CREO E. A. GARAY,LUIS ALBERTO MARTINEZ DUARTE,816,20.23,NO,622,1,-194,-23.8,TRACCION_INTENDENTE,NO,2282,JUAN DE LA CRUZ CABAÑAS SANCHEZ,138
2,SAN PEDRO,19,NUEVA GERMANIA,123,PARTIDO YO CREO CONCIENCIA DEMOCRATICA NACIONAL,REYES GASPAR ALCARAZ SANCHEZ,294,8.67,NO,95,0,-199,-67.7,TRACCION_INTENDENTE,NO,2525,GRACIELA ALCARAZ SANCHEZ,53
12,ÑEEMBUCU,15,LAURELES,2,PARTIDO LIBERAL RADICAL AUTENTICO,CARLOS VELAZQUEZ,720,38.26,NO,515,2,-205,-28.5,TRACCION_INTENDENTE,NO,354,MARCOS VELAZQUEZ,113
3,CORDILLERA,11,EMBOSCADA,1,PARTIDO COLORADO,CRISTIAN BUSTOS,4856,47.9,SI,4650,6,-206,-4.2,TRACCION_INTENDENTE,NO,780,ELENA MENDIETA,937
11,CENTRAL,3,FERNANDO DE LA MORA,4,ALIANZA DESPERTAR CIUDADANO,MARIA STELA INVERNIZZI,3029,5.16,NO,2823,0,-206,-6.8,TRACCION_INTENDENTE,NO,3707,ALEJANDRO FERNANDEZ,658
4,GUAIRA,21,MBOCAYATY DEL GUAIRA,123,ALIANZA YO CREO MBOCAYATY,CARLOS ROBERTO FRETES ZARATE,813,18.65,NO,606,1,-207,-25.5,TRACCION_INTENDENTE,NO,2521,FRANCISCO CUBILLA,133
6,CAAZAPA,2,3 DE MAYO,2,ALIANZA 3 DE MAYO PARA TODOS,TITO AQUINO,1820,32.08,NO,1609,3,-211,-11.6,TRACCION_INTENDENTE,NO,1077,NENY RIVEROS,458
3,CORDILLERA,37,VALENZUELA,2,PARTIDO LIBERAL RADICAL AUTENTICO,MANUEL FERNANDEZ,1083,22.62,NO,869,2,-214,-19.8,TRACCION_INTENDENTE,NO,1254,EDITH FERNANDEZ,451
9,PARAGUARI,3,CAAPUCU,2,PARTIDO LIBERAL RADICAL AUTENTICO,NICO AMARILLA,1740,39.86,NO,1525,4,-215,-12.4,TRACCION_INTENDENTE,NO,801,GLORIA SELLITTI,222
11,CENTRAL,31,VILLETA,400,MOVIMIENTO DEPARTAMENTAL UNIDOS PODEMOS,EVER PATROCINIO MARTINEZ LEON,430,2.25,NO,215,0,-215,-50.0,TRACCION_INTENDENTE,NO,1342,ALCIDES CAMBRA DIAZ,50
2,SAN PEDRO,33,SAN JOSE DEL ROSARIO,2,PARTIDO LIBERAL RADICAL AUTENTICO,ANIBAL VILLAMAYOR FRANCO,372,26.48,NO,155,1,-217,-58.3,TRACCION_INTENDENTE,NO,580,JORGE OSORIO,86
2,SAN PEDRO,17,LIMA,123,PARTIDO YO CREO CONCIENCIA DEMOCRATICA NACIONAL,LUCAS AVALOS VERA,1368,28.4,NO,1148,2,-220,-16.1,TRACCION_INTENDENTE,NO,959,GUSTAVO ALEXIS ESPINOZA SILVA,280
10,ALTO PARANA,33,SANTA ROSA DEL MONDAY,1,PARTIDO COLORADO,KELVIN PETERS IMMICH,3178,91.64,SI,2957,11,-221,-7.0,TRACCION_INTENDENTE,NO,3062,OSVINO HENSCHEL,414
3,CORDILLERA,9,CARAGUATAY,2,PARTIDO LIBERAL RADICAL AUTENTICO,NERY BRITEZ,1683,30.14,NO,1458,3,-225,-13.4,TRACCION_INTENDENTE,NO,2088,HUGO FRANCISCO CACERES RIVAS,234
7,ITAPUA,27,ITAPUA POTY,2,PARTIDO LIBERAL RADICAL AUTENTICO,JORGE OSMAR BAEZ FIGUEREDO,2273,41.54,NO,2045,5,-228,-10.0,TRACCION_INTENDENTE,NO,785,CARLOS ANTONIO DUETTE FIGUEREDO,349
6,CAAZAPA,15,TAVAI,123,ALIANZA TAVAI ÑANDE MBA´E,IGNACIO VERA,1326,20.71,NO,1096,1,-230,-17.3,TRACCION_INTENDENTE,NO,3574,TITI CACERES,265
2,SAN PEDRO,1,25 DE DICIEMBRE,25,ALIANZA UNIDOS POR 25,PROF. NORMA MOREL,1119,22.98,NO,888,1,-231,-20.6,TRACCION_INTENDENTE,NO,2471,PROF. GRACIELA TECHEIRA,217
2,SAN PEDRO,25,TACUATI,5,ALIANZA UNIDOS POR TACUATI,JUAN BAUTISTA BAEZ,1423,34.99,NO,1191,3,-232,-16.3,TRACCION_INTENDENTE,NO,1050,HECTOR OPORTO,295
3,CORDILLERA,11,EMBOSCADA,60,MOVIMIENTO UNION DE EMBOSCADEÑOS LIBRES,CLAUDELINO ORTIZ,818,8.07,NO,583,0,-235,-28.7,TRACCION_INTENDENTE,NO,780,CRISTHIAN ZARATE,176
1,CONCEPCION,9,YBY YA'U,5,ALIANZA TODOS POR YBY YAU,"VENANCIO ""MANDI O"" ESPINOZA",3243,38.25,NO,3006,4,-237,-7.3,TRACCION_INTENDENTE,NO,1841,LIC. ARNALDO CABAÑAS,404
14,CANINDEYU,18,YBYRAROVANA,5,ALIANZA YBYRAROVANA,FABIO RUBEN DIAZ CHAVEZ,970,28.42,NO,731,2,-239,-24.6,TRACCION_INTENDENTE,NO,1379,AMADO DIAZ BOGADO,243
17,BOQUERON,1,LOMA PLATA,7,PARTIDO UNION NACIONAL DE CIUDADANOS ETICOS,ABG. DIANA GARAY,787,10.3,NO,548,1,-239,-30.4,TRACCION_INTENDENTE,NO,5670,GEORGE PETER VIKTOR TOEWS HARDER,169
5,CAAGUAZU,20,NUEVA TOLEDO,28,MOVIMIENTO AVANZAMOS JUNTOS NUEVA TOLEDO,CRISTIAN DREIER,776,31.51,NO,535,2,-241,-31.1,TRACCION_INTENDENTE,NO,197,JOSE MARCELINO GARCETE BOGADO,122
11,CENTRAL,23,ÑEMBY,3,ALIANZA UNIDOS POR ÑEMBY,CHENG KUO,2709,5.21,NO,2464,0,-245,-9.0,TRACCION_INTENDENTE,NO,8696,LIZ MOLINAS,343
17,BOQUERON,4,BOQUERON,1,PARTIDO COLORADO,AMALIA VARGAS,3011,45.97,NO,2764,5,-247,-8.2,TRACCION_INTENDENTE,NO,367,ELMER VOGT,523
4,GUAIRA,29,SAN SALVADOR,3,ALIANZA YO CREO EN SAN SALVADOR,MARCOS DANIEL RUIZ SOSA,892,38.92,NO,631,2,-261,-29.3,TRACCION_INTENDENTE,NO,463,JORGE ARTURO VAZQUEZ TORRES,200
7,ITAPUA,1,ALTO VERA,3,ALIANZA POR LA VICTORIA DE ALTO VERA,VICTORIA AQUINO,2651,50.95,SI,2382,6,-269,-10.1,TRACCION_INTENDENTE,NO,179,LUIS BENITEZ,409
9,PARAGUARI,19,QUYQUYHO,1,PARTIDO COLORADO,RUH MERCEDES MEDINA YEGROS,1995,65.22,SI,1725,6,-270,-13.5,TRACCION_INTENDENTE,NO,990,PATRICIA CORVALAN,563
4,GUAIRA,31,YATAITY DEL GUAIRA,3,ALIANZA TODOS POR YATAITY,FRANCISCO FERREIRA,1361,49.05,SI,1090,4,-271,-19.9,TRACCION_INTENDENTE,NO,72,PEDRO RAMON RIVERA LEGAL,259
7,ITAPUA,43,PIRAPO,5,ALIANZA PIRAPO EN MARCHA,CARLOS VILLORDO VILLAR,736,24.97,NO,462,2,-274,-37.2,TRACCION_INTENDENTE,NO,1292,GREGORIO CABRAL MAIDANA,127
7,ITAPUA,49,SAN PEDRO DEL PARANA,1,PARTIDO COLORADO,ERASMO ELIEZER AQUINO CACERES,6604,54.35,SI,6327,7,-277,-4.2,TRACCION_INTENDENTE,NO,1351,ALDO ALVAREZ,929
9,PARAGUARI,11,LA COLMENA,5,ALIANZA UNIDOS POR LA COLMENA,MAZATOSHI ENRIT KANAZAWA BENITEZ,1296,34.53,NO,1017,2,-279,-21.5,TRACCION_INTENDENTE,NO,1073,EDUARDO QUINTANA,254
3,CORDILLERA,35,TOBATI,2,ALIANZA UNIDOS POR TOBATI,EVANGELISTA NOEMI GONZALEZ VERA,4066,30.76,NO,3774,4,-292,-7.2,TRACCION_INTENDENTE,NO,4546,DAN GONZALEZ,995
2,SAN PEDRO,3,ANTEQUERA,2,PARTIDO LIBERAL RADICAL AUTENTICO,ABEL BRITEZ,1726,51.93,SI,1428,4,-298,-17.3,TRACCION_INTENDENTE,NO,206,JOSEFINA ZOLABARRIETA,280
5,CAAGUAZU,29,SAN JOSE DE LOS ARROYOS,10,ALIANZA UNIDOS POR SAN JOSE,GABILAN,1823,22.4,NO,1523,2,-300,-16.5,TRACCION_INTENDENTE,NO,4302,COMISARIO GARCETE,369
2,SAN PEDRO,21,SAN ESTANISLAO,5,ALIANZA CREO EN SANTANI,DEMETRIO SOSA PERALTA,4964,25.73,NO,4661,3,-303,-6.1,TRACCION_INTENDENTE,NO,8333,ABOG. NELSON ALFONZO,867
13,AMAMBAY,6,CERRO CORA,1,PARTIDO COLORADO,WILL FIGUEREDO,2684,76.95,SI,2381,7,-303,-11.3,TRACCION_INTENDENTE,NO,2000,EDISON DELGADO ORTEGA,537
7,ITAPUA,51,SAN RAFAEL DEL PARANA,5,ALIANZA SAN RAFAEL PARA TODOS Y TODAS,GUSTAVO SANABRIA,1367,17.06,NO,1061,1,-306,-22.4,TRACCION_INTENDENTE,NO,392,ALCIDES RAMON MACHUCA FARIÑA,165
5,CAAGUAZU,7,DR. CECILIO BAEZ,1,PARTIDO COLORADO,LEO FAVIO,1695,55.07,SI,1388,5,-307,-18.1,TRACCION_INTENDENTE,NO,411,ALCIDES ALMIRON,298
7,ITAPUA,3,BELLA VISTA,123,PARTIDO YO CREO CONCIENCIA DEMOCRATICA NACIONAL,NELSON ARIEL ALARCON ENCISO,1015,20.67,NO,701,1,-314,-30.9,TRACCION_INTENDENTE,NO,701,HECTOR DANIEL AYALA,174
17,BOQUERON,3,MCAL.ESTIGARRIBIA,7,ALIANZA UNIDOS POR MARISCAL,VICTOR DIAZ,2788,47.43,SI,2470,6,-318,-11.4,TRACCION_INTENDENTE,NO,1111,DIEGO SALINAS,320
3,CORDILLERA,7,ATYRA,2,PARTIDO LIBERAL RADICAL AUTENTICO,YVES TANIS,4433,46.66,NO,4113,5,-320,-7.2,TRACCION_INTENDENTE,NO,360,DELIO SAMUEL GUZMAN JIMENEZ,631
4,GUAIRA,19,JOSE A. FASSARDI,2,PARTIDO LIBERAL RADICAL AUTENTICO,FELIPE OTAZU,574,17.67,NO,253,0,-321,-55.9,TRACCION_INTENDENTE,NO,2008,MARIO ESCOBAR MENDOZA,96
11,CENTRAL,1,CAPIATA,3,ALIANZA UNIDOS POR CAPIATA,NICOLAS OVIEDO,2783,3.46,NO,2462,0,-321,-11.5,TRACCION_INTENDENTE,NO,27048,JORGE MARTINEZ,428
7,ITAPUA,9,CAPITAN MIRANDA,1,PARTIDO COLORADO,EVER LOPEZ,4200,77.81,SI,3876,9,-324,-7.7,TRACCION_INTENDENTE,NO,3225,GERARDO LALO GOMEZ,426
2,SAN PEDRO,29,VILLA DEL ROSARIO,123,PARTIDO YO CREO CONCIENCIA DEMOCRATICA NACIONAL,ROBERTO FLORES NUÑEZ,672,15.0,NO,342,0,-330,-49.1,TRACCION_INTENDENTE,NO,2882,DERLIS ENRIQUE CRISTALDO PANDO,150
8,MISIONES,11,SANTA ROSA,3,ALIANZA TODOS POR SANTA ROSA,RUBEN JACQUET,4492,41.58,NO,4153,5,-339,-7.5,TRACCION_INTENDENTE,NO,1643,ANDRES FERNANDEZ,551
9,PARAGUARI,21,SAN ROQUE GONZALEZ,10,ALIANZA YO CREO CONCIENCIA DEMOCRATICA NACIONAL,EMMANUEL MORAN LEGUIZAMON,1446,28.8,NO,1102,2,-344,-23.8,TRACCION_INTENDENTE,NO,1650,LOLI ACUÑA,284
3,CORDILLERA,17,ITACURUBI DE LA CORDILLERA,2,PARTIDO LIBERAL RADICAL AUTENTICO,WILLIAN LOPEZ,2928,43.7,NO,2580,4,-348,-11.9,TRACCION_INTENDENTE,NO,613,ROLANDO MENDOZA GARAY,448
5,CAAGUAZU,34,TEMBIAPORA,10,ALIANZA UNIDOS POR TEMBIAPORA,SOTERO CACERES,2057,36.26,NO,1698,3,-359,-17.5,TRACCION_INTENDENTE,NO,1433,FIDEL NIÑO GONZALEZ GALEANO,305
1,CONCEPCION,0,CONCEPCION,1,PARTIDO COLORADO,BERNI VILLALBA,16475,61.6,SI,16110,8,-365,-2.2,TRACCION_INTENDENTE,NO,8007,ARIEL FERREIRA,3043
7,ITAPUA,57,YATYTAY,20,ALIANZA UNIDOS POR YATYTAY,PAULO SAUCEDO,2578,52.73,SI,2209,5,-369,-14.3,TRACCION_INTENDENTE,NO,964,GABINO GARCETE,559
2,SAN PEDRO,16,LIBERACION,5,ALIANZA UNIDOS POR LIBERACION,PEDRO VILLAGRA,5316,50.01,SI,4941,4,-375,-7.1,TRACCION_INTENDENTE,NO,214,CARLOS ALBERTO GOMEZ VELAZQUEZ,854
10,ALTO PARANA,29,SAN CRISTOBAL,5,ALIANZA UNIDOS POR SAN CRISTOBAL,RODRIGO SANTANDER,1727,33.44,NO,1345,3,-382,-22.1,TRACCION_INTENDENTE,NO,1638,CARLOS GAONA,277
15,PDTE. HAYES,7,PUERTO PINASCO,1,PARTIDO COLORADO,ALBERTO ROMERO,2202,62.84,SI,1815,8,-387,-17.6,TRACCION_INTENDENTE,NO,1629,LUZ AMARO,307
8,MISIONES,1,AYOLAS,5,ALIANZA RECUPERANDO EL PARAISO,DENIS DARIO DIOFF HADID,2226,23.51,NO,1833,2,-393,-17.7,TRACCION_INTENDENTE,NO,4571,CHIRLENE MARILIN DIOFF HADID,434
7,ITAPUA,25,HOHENAU,3,ALIANZA HOHENAU SOMOS TODOS,CLAUDIO OMAR VILLALBA ORTELLADO,2433,39.35,NO,2037,4,-396,-16.3,TRACCION_INTENDENTE,NO,1070,RAQUEL TIEMANN,361
5,CAAGUAZU,25,REPATRIACION,5,ALIANZA UNIDOS POR REPATRIACION,RICARDO ORTIZ,2317,22.36,NO,1911,2,-406,-17.5,TRACCION_INTENDENTE,NO,3565,ELIGIO JOEL SOSA SAMANIEGO,360
10,ALTO PARANA,23,ÑACUNDAY,7,PARTIDO UNION NACIONAL DE CIUDADANOS ETICOS,CHACHO,1256,36.75,NO,845,2,-411,-32.7,TRACCION_INTENDENTE,NO,500,JUAN LEON ZARZA GONZALEZ,220
17,BOQUERON,4,BOQUERON,27,ALIANZA BOQUERON PARA TODOS,CESAR GONZALEZ,3378,51.57,SI,2962,6,-416,-12.3,TRACCION_INTENDENTE,NO,367,JULIO DELEON,389
16,ALTO PARAGUAY,0,FUERTE OLIMPO,7,PARTIDO UNION NACIONAL DE CIUDADANOS ETICOS,LIC. ANSELMO GONZALEZ,681,24.65,NO,262,1,-419,-61.5,TRACCION_INTENDENTE,NO,1231,BALDOMERA,42
11,CENTRAL,19,MARIANO R. ALONSO,1,PARTIDO COLORADO,JULIAN VEGA,20746,46.37,SI,20324,7,-422,-2.0,ALINEADO,NO,4075,EDGAR MARTINEZ,3141
3,CORDILLERA,35,TOBATI,1,PARTIDO COLORADO,LUIS OSMAR,8612,65.16,SI,8181,8,-431,-5.0,TRACCION_INTENDENTE,NO,4546,NAZARITO ROJAS,1228
15,PDTE. HAYES,9,TTE. IRALA FERNANDEZ,9,ALIANZA PARA TODOS,BERNARDINO IGNACIO CACERES CENTURION,2430,40.86,NO,1966,4,-464,-19.1,TRACCION_INTENDENTE,NO,935,FRANCISCO ROLON GOMEZ,374
10,ALTO PARANA,30,SANTA FE DEL PARANA,123,ALIANZA UNIDOS POR SANTA FE,LIC. MARIELA MAGALI FRUTOS,635,17.89,NO,165,0,-470,-74.0,TRACCION_INTENDENTE,NO,2118,JUAN CARLOS CANTERO,68
10,ALTO PARANA,3,DOMINGO MARTINEZ DE IRALA,1,PARTIDO COLORADO,DR. QUEVEDO,2085,56.0,SI,1610,4,-475,-22.8,TRACCION_INTENDENTE,NO,488,TITO GONZALEZ,403
10,ALTO PARANA,15,MBARACAYU,2,PARTIDO LIBERAL RADICAL AUTENTICO,ADEJAIME PAVEI,2004,54.4,SI,1525,5,-479,-23.9,TRACCION_INTENDENTE,NO,395,FRANCISCO GAYOSO,297
5,CAAGUAZU,15,LA PASTORA,1,PARTIDO COLORADO,JUAN FRANCO,1051,41.3,NO,571,2,-480,-45.7,TRACCION_INTENDENTE,NO,373,CRISTIAN ALFREDO GONZALEZ,248
4,GUAIRA,1,BORJA,123,ALIANZA YO CREO BORJA,MARCIAL MARTINEZ AMARILLA,1420,35.98,NO,933,2,-487,-34.3,TRACCION_INTENDENTE,NO,971,ELVIO SILVERA FRETEZ,273
14,CANINDEYU,19,YBY PYTA,2,ALIANZA UNIDOS POR YBY PYTA,ENRIQUE NAVARRO IRIARTE,4040,57.38,SI,3553,5,-487,-12.1,TRACCION_INTENDENTE,NO,1163,RUBEN DARIO GONZALEZ CAMPUZANO,1315
1,CONCEPCION,5,LORETO,2,PARTIDO LIBERAL RADICAL AUTENTICO,FELIX DIAZ LUGO,3586,55.91,SI,3095,4,-491,-13.7,TRACCION_INTENDENTE,NO,854,PROF. LAURI QUINTANA,492
5,CAAGUAZU,7,DR. CECILIO BAEZ,123,ALIANZA TODOS POR CECILIO BAEZ,ROSSANA RODAS ORQUIOLA,1284,41.72,NO,773,2,-511,-39.8,TRACCION_INTENDENTE,NO,411,FATIMA ELIZABETH CANO DE AQUINO,391
14,CANINDEYU,7,KATUETE,1,PARTIDO COLORADO,CESAR ALVARENGA,3614,66.7,SI,3101,8,-513,-14.2,TRACCION_INTENDENTE,NO,2246,PASTOR ALFONZO,593
1,CONCEPCION,11,ARROYITO,5,ALIANZA UNIDOS POR ARROYITO,VICENTE ORTIZ,2784,61.04,SI,2267,5,-517,-18.6,TRACCION_INTENDENTE,NO,1172,EDGAR ROJAS MAIDANA,500
10,ALTO PARANA,25,PRESIDENTE FRANCO,1,PARTIDO COLORADO,ARNOLD RAMIREZ,16008,44.91,SI,15491,6,-517,-3.2,TRACCION_INTENDENTE,NO,4078,EMILIO MARTINEZ,1927
7,ITAPUA,29,JESUS,9,PARTIDO ENCUENTRO NACIONAL,WILFRIDO ORLANDO GARAY CHILENO,1162,33.12,NO,638,2,-524,-45.1,TRACCION_INTENDENTE,NO,1090,JUAN RIGOBERTO GONZALEZ ROTELA,189
6,CAAZAPA,9,GRAL. MORINIGO,123,PARTIDO YO CREO CONCIENCIA DEMOCRATICA NACIONAL,CRISTHIAN BARRETO BARRETO,1545,50.52,SI,1013,3,-532,-34.4,TRACCION_INTENDENTE,NO,69,DANIEL MEDINA DUARTE,320
10,ALTO PARANA,19,MINGA PORA,2,PARTIDO LIBERAL RADICAL AUTENTICO,RAMON ROBERTO ROLON,2497,38.22,NO,1962,4,-535,-21.4,TRACCION_INTENDENTE,NO,1160,CARLOS PORTILLO,289
4,GUAIRA,17,ITURBE,2,ALIANZA SE VIENE EL CAMBIO,WILDO ISAIAS FERREIRA BAEZ,1871,39.08,NO,1333,2,-538,-28.8,TRACCION_INTENDENTE,NO,854,LIZ MARLENE AYALA TALAVERA,231
5,CAAGUAZU,25,REPATRIACION,123,PARTIDO YO CREO CONCIENCIA DEMOCRATICA NACIONAL,LILI JARA,1647,15.89,NO,1106,1,-541,-32.8,TRACCION_INTENDENTE,NO,3565,MAURO ESTERIO CASTILLO GODOY,160
11,CENTRAL,35,YPANE,1,PARTIDO COLORADO,GERARDO FARIÑA,16016,58.79,SI,15469,8,-547,-3.4,TRACCION_INTENDENTE,NO,6412,"ING. EVER FRANCO ""KEVIN""",3046
14,CANINDEYU,11,NUEVA ESPERANZA,123,PARTIDO YO CREO CONCIENCIA DEMOCRATICA NACIONAL,CONTADORA FANY,1426,24.79,NO,877,2,-549,-38.5,TRACCION_INTENDENTE,NO,2709,REGIS ALVES,255
10,ALTO PARANA,13,LOS CEDRALES,123,ALIANZA PLRA Y YO CREO,ROMINA RAMIREZ,1702,33.27,NO,1151,3,-551,-32.4,TRACCION_INTENDENTE,NO,1537,PASCUAL RAMIREZ ARAUJO,370
10,ALTO PARANA,11,JUAN E. O'LEARY,10,ALIANZA OLEARIENSE,FRANCISCO AMARILLA,4467,52.75,SI,3909,4,-558,-12.5,TRACCION_INTENDENTE,NO,763,FREDY MIGUEL ARRUA,748
3,CORDILLERA,37,VALENZUELA,50,MOVIMIENTO TODOS POR VALENZUELA,RODRIGO KIRCHHOFER,2439,50.94,SI,1880,4,-559,-22.9,TRACCION_INTENDENTE,NO,1254,ALFONZO FLECHA TORRES,319
11,CENTRAL,29,VILLA ELISA,1,PARTIDO COLORADO,DIANA RECALDE,15047,38.56,NO,14483,5,-564,-3.7,TRACCION_INTENDENTE,NO,5406,FERNANDO COGLIOLO,3548
7,ITAPUA,17,EDELIRA,2,PARTIDO LIBERAL RADICAL AUTENTICO,ESTELA HULAK,2300,28.11,NO,1720,3,-580,-25.2,TRACCION_INTENDENTE,NO,1658,NICACIO FRANCO,502
11,CENTRAL,19,MARIANO R. ALONSO,5,ALIANZA MARIANO NOS MOVEMOS,RALO AVEIRO,1818,4.06,NO,1237,0,-581,-32.0,TRACCION_INTENDENTE,NO,4075,CRIO. GRAL. DTOR. SR CARLOS DOMINGUEZ,226
2,SAN PEDRO,5,CAPIIVARY,5,ALIANZA SIGAMOS AVANZANDO,DENIS GONZALEZ,7126,44.34,NO,6540,5,-586,-8.2,TRACCION_INTENDENTE,NO,1311,VICTOR PAREDES,1417
9,PARAGUARI,15,PIRAYU,1,PARTIDO COLORADO,FELIX CUEVAS,4829,53.53,SI,4231,6,-598,-12.4,TRACCION_INTENDENTE,NO,1172,MILCIADES GARCETE,879
2,SAN PEDRO,22,SAN VICENTE PANCHOLO,5,ALIANZA UNIDOS POR SAN VICENTE,ING. AGR. EVER LOPEZ,3409,54.73,SI,2801,4,-608,-17.8,TRACCION_INTENDENTE,NO,696,LAUREANO GIMENEZ,572
5,CAAGUAZU,3,CAAGUAZU,1,PARTIDO COLORADO,RAQUEL,21358,48.53,NO,20744,6,-614,-2.9,TRACCION_INTENDENTE,NO,191,KATHIA DEL PUERTO,7568
2,SAN PEDRO,11,GRAL. F. RESQUIN,5,ALIANZA JUNTOS PODEMOS,INO MEZA,3411,57.61,SI,2790,4,-621,-18.2,TRACCION_INTENDENTE,NO,997,PANADERO ADOLFO VALIENTE,765
10,ALTO PARANA,7,IRUÑA,2,PARTIDO LIBERAL RADICAL AUTENTICO,EVERT ESCOBAR,912,40.14,NO,274,1,-638,-70.0,TRACCION_INTENDENTE,NO,368,RUBEN VERA,159
11,CENTRAL,31,VILLETA,2,PARTIDO LIBERAL RADICAL AUTENTICO,JUAN ALMADA,8347,43.7,NO,7700,5,-647,-7.8,TRACCION_INTENDENTE,NO,1342,PROF. ROSALBA DELGADILLO,1667
7,ITAPUA,47,SAN JUAN DEL PARANA,2,PARTIDO LIBERAL RADICAL AUTENTICO,ALDO NUMAN LEPRETTI BAEZ,3131,49.67,SI,2474,5,-657,-21.0,TRACCION_INTENDENTE,NO,265,NANCY CRISTINA AYALA LEPRETTI,432
2,SAN PEDRO,9,GRAL. ELIZARDO AQUINO,5,ALIANZA UNIDOS POR GENERAL E. AQUINO,ENZO MARCELO RIVELA OJEDA,2442,34.97,NO,1782,2,-660,-27.0,TRACCION_INTENDENTE,NO,1876,MARCIAL TORRES,469
2,SAN PEDRO,32,YRYBUCUA,5,ALIANZA UNIDOS POR YRYBUCUA,FAUSTINO ARAUJO MALDONADO,3364,59.01,SI,2702,5,-662,-19.7,TRACCION_INTENDENTE,NO,1234,LUIZ ENRIQUE ORREGO SANTACRUZ,519
9,PARAGUARI,0,PARAGUARI,5,ALIANZA RECUPEREMOS PARAGUARI,ABOG. JUAN DELGADO,1548,13.07,NO,880,0,-668,-43.2,TRACCION_INTENDENTE,NO,7759,ANGEL DEL ROSARIO VELAZQUEZ,159
3,CORDILLERA,27,PIRIBEBUY,2,PARTIDO LIBERAL RADICAL AUTENTICO,HECTOR BERNAL,6344,40.36,NO,5671,4,-673,-10.6,TRACCION_INTENDENTE,NO,2673,MARGARITA GINI,764
8,MISIONES,0,SAN JUAN BAUTISTA,2,PARTIDO LIBERAL RADICAL AUTENTICO,"JUAN CARLOS ""KAMBATO"" MEZA",5438,45.54,NO,4759,5,-679,-12.5,TRACCION_INTENDENTE,NO,633,HUGO DAVID MEZA PORTILLO,683
14,CANINDEYU,3,FRANCISCO CABALLERO ALVAREZ,5,ALIANZA UNIDOS POR PUENTE KYJHA,ZIOLHENIO ZIGANTE,2008,49.06,NO,1324,4,-684,-34.1,TRACCION_INTENDENTE,NO,12,ANDERSON CACERES,213
7,ITAPUA,11,CARLOS ANTONIO LOPEZ,5,ALIANZA UNIDOS POR CARLOS ANTONIO LOPEZ,CESAR BENITEZ,3025,45.61,NO,2314,4,-711,-23.5,TRACCION_INTENDENTE,NO,461,CESAR BRIZUELA,494
4,GUAIRA,13,INDEPENDENCIA,4,ALIANZA UNIDOS POR INDEPENDENCIA,"LUIS ""LOLO"" CUBAS",3376,33.81,NO,2640,3,-736,-21.8,TRACCION_INTENDENTE,NO,3006,SIXTO BORJA LARRAMENDI,619
14,CANINDEYU,1,CORPUS CHRISTI,1,PARTIDO COLORADO,JULIO PEREZ,4227,89.27,SI,3478,9,-749,-17.7,TRACCION_INTENDENTE,NO,4227,BATATA,530
4,GUAIRA,5,CORONEL MARTINEZ,25,MOVIMIENTO UNIDAD POPULAR RENOVADORA,CARLOS MIGUEL FERREIRA BOGADO,1635,39.68,NO,878,2,-757,-46.3,TRACCION_INTENDENTE,NO,722,DR. JOSE FERREIRA BOGADO,395
9,PARAGUARI,17,QUIINDY,2,PARTIDO LIBERAL RADICAL AUTENTICO,CARLOS MIGUEL ALVARENGA RODRIGUEZ,3952,45.85,NO,3190,4,-762,-19.3,TRACCION_INTENDENTE,NO,396,NONI LEGUIZAMON,473
10,ALTO PARANA,25,PRESIDENTE FRANCO,123,ALIANZA YO CREO,MABEL OTAZU,6612,18.55,NO,5850,2,-762,-11.5,TRACCION_INTENDENTE,NO,4078,MARCELO MANUEL MARTINEZ FERNANDEZ,1354
11,CENTRAL,17,LUQUE,5,ALIANZA LUQUEÑOS UNIDOS,CHILAVERT,4947,4.79,NO,4178,0,-769,-15.5,TRACCION_INTENDENTE,NO,15973,VERONICA GALEANO,1031
17,BOQUERON,1,LOMA PLATA,1,PARTIDO COLORADO,ERNST GIESBRECHT SAWATZKY,6457,84.5,SI,5682,10,-775,-12.0,TRACCION_INTENDENTE,NO,5670,WILFRIED UNRAU,1448
10,ALTO PARANA,30,SANTA FE DEL PARANA,1,PARTIDO COLORADO,FATIMA DOERNER,2753,77.55,SI,1967,7,-786,-28.6,TRACCION_INTENDENTE,NO,2118,GISELLI SOARES,233
7,ITAPUA,41,OBLIGADO,3,ALIANZA OBLIGADO EN MARCHA,ROSA SOSA,3011,45.12,NO,2168,4,-843,-28.0,TRACCION_INTENDENTE,NO,277,MARCOS ENRRIQUE HEIL APP,567
10,ALTO PARANA,19,MINGA PORA,1,PARTIDO COLORADO,RICHARD SOSA,3657,55.97,SI,2807,6,-850,-23.2,TRACCION_INTENDENTE,NO,1160,CLARA SEGOVIA,328
9,PARAGUARI,1,ACAHAY,123,PARTIDO YO CREO CONCIENCIA DEMOCRATICA NACIONAL,LETI LEZCANO,2250,26.47,NO,1350,1,-900,-40.0,TRACCION_INTENDENTE,NO,1624,MIRIAN VALDEZ BRITEZ,442
11,CENTRAL,11,J. AUGUSTO SALDIVAR,3,ALIANZA UNIDOS POR JAS,CHRISTIAN DOMINGUEZ,3208,13.28,NO,2300,1,-908,-28.3,TRACCION_INTENDENTE,NO,56,ELENITA VILLALBA,539
10,ALTO PARANA,21,NARANJAL,1,PARTIDO COLORADO,MARCELO PITON,2891,86.87,SI,1946,7,-945,-32.7,TRACCION_INTENDENTE,NO,2577,JULIANE MORO,551
2,SAN PEDRO,13,GUAJAYVI,5,ALIANZA GOBERNEMOS JUNTOS GUAYAIBI,LEONARDO SALDIVAR,6616,49.71,SI,5670,5,-946,-14.3,TRACCION_INTENDENTE,NO,213,DANI AGUAYO,906
9,PARAGUARI,27,YAGUARON,2,PARTIDO LIBERAL RADICAL AUTENTICO,ING. CHOPE DEL PUERTO,7475,44.52,NO,6516,5,-959,-12.8,TRACCION_INTENDENTE,NO,1353,MANUEL BENITEZ,1343
11,CENTRAL,33,YPACARAI,2,PARTIDO LIBERAL RADICAL AUTENTICO,JOSE RUBEN BRITEZ,6494,51.17,SI,5486,6,-1008,-15.5,TRACCION_INTENDENTE,NO,655,JOHNNY CABALLERO,922
7,ITAPUA,39,NUEVA ALBORADA,5,ALIANZA NUEVA ALBORADA EN MARCHA,MONICA SCHEID,2517,53.11,SI,1506,4,-1011,-40.2,TRACCION_INTENDENTE,NO,375,BASILIO PEREIRA GONZALEZ,371
7,ITAPUA,5,CAMBYRETA,1,PARTIDO COLORADO,JAIME HINTERLEITNER,13947,61.96,SI,12905,8,-1042,-7.5,TRACCION_INTENDENTE,NO,6232,MIRIAN ANDREA GONZALEZ LOVERA,1675
14,CANINDEYU,13,SAN ISIDRO CURUGUATY,34,ALIANZA UNIDOS POR CURUGUATY,VICTOR ARZA,5251,37.0,NO,4207,4,-1044,-19.9,TRACCION_INTENDENTE,NO,3296,JORGE CAGE FERREIRA,791
15,PDTE. HAYES,1,BENJAMIN ACEVAL,2,ALIANZA UNIDOS POR BENJAMIN,DR. CARRERAS,3990,35.99,NO,2921,3,-1069,-26.8,TRACCION_INTENDENTE,NO,2799,JORGE SOSA,474
3,CORDILLERA,13,EUSEBIO AYALA,5,ALIANZA EUSEBIO AYALA EN ALIANZA PARA TODOS,MARCO ORTELLADO,4752,47.62,NO,3681,4,-1071,-22.5,TRACCION_INTENDENTE,NO,139,JULIO CESAR MEZA SANCHEZ,1083
2,SAN PEDRO,0,SAN PEDRO DEL YCUAMANDYYU,5,ALIANZA UNIDOS POR SAN PEDRO,TITO PANZA,7822,55.94,SI,6731,6,-1091,-13.9,TRACCION_INTENDENTE,NO,1978,PROF. LOURDES,1187
10,ALTO PARANA,17,MINGA GUAZU,6,PARTIDO PATRIOTAS INDEPENDIENTES,ROBERTO ALMIRON,3702,11.53,NO,2611,1,-1091,-29.5,TRACCION_INTENDENTE,NO,4003,LORENA ALMIRON,1497
3,CORDILLERA,29,SAN BERNARDINO,2,ALIANZA UNIDOS POR SAN BERNARDINO,LUIS AGUILAR,3536,41.03,NO,2420,4,-1116,-31.6,TRACCION_INTENDENTE,NO,650,FRANCISCO AGUILAR RIOS,485
9,PARAGUARI,1,ACAHAY,5,ALIANZA ACUERDO GUARANI,ING. LIDIO SAMUDIO,2169,25.51,NO,1053,1,-1116,-51.5,TRACCION_INTENDENTE,NO,1624,ABG. LORENZO MARTINEZ,287
1,CONCEPCION,7,SAN LAZARO,5,ALIANZA UNIDOS POR EL DISTRITO DE SAN LAZARO,DR. CARLOS GONZALEZ,3088,54.65,SI,1922,4,-1166,-37.8,TRACCION_INTENDENTE,NO,704,LIC. RAQUEL FERNANDEZ,349
3,CORDILLERA,0,CAACUPE,2,ALIANZA JUNTOS POR CAACUPE,VICTOR ZARATE,15244,51.63,SI,14054,6,-1190,-7.8,TRACCION_INTENDENTE,NO,1918,HUMBERTO FATECHA,1458
11,CENTRAL,19,MARIANO R. ALONSO,4,PARTIDO PAIS SOLIDARIO,ANDRES CABALLERO,2705,6.05,NO,1470,0,-1235,-45.7,TRACCION_INTENDENTE,NO,4075,LAURA GONZALEZ,497
10,ALTO PARANA,9,ITAKYRY,123,ALIANZA ITAKYRY,GUSTAVO ACOSTA,6086,55.89,SI,4836,6,-1250,-20.5,TRACCION_INTENDENTE,NO,1637,FABIO MENDOZA,1030
11,CENTRAL,7,ITA,2,PARTIDO LIBERAL RADICAL AUTENTICO,DIMARTINO,20222,54.32,SI,18819,7,-1403,-6.9,TRACCION_INTENDENTE,NO,4449,DIANA GIMENEZ,2485
6,CAAZAPA,1,ABAI,123,PARTIDO YO CREO CONCIENCIA DEMOCRATICA NACIONAL,ESTEBAN DUARTE LOPEZ,3500,33.29,NO,2074,2,-1426,-40.7,TRACCION_INTENDENTE,NO,3245,CARLOS EVER DUARTE ENCISO,415
3,CORDILLERA,5,ARROYOS Y ESTEROS,2,PARTIDO LIBERAL RADICAL AUTENTICO,HECTOR CAPDEVILA,5440,49.62,SI,3841,4,-1599,-29.4,TRACCION_INTENDENTE,NO,186,DAMIAN DELVALLE,573
6,CAAZAPA,17,YUTY,123,PARTIDO YO CREO CONCIENCIA DEMOCRATICA NACIONAL,JORGE NINO BAEZ,2446,30.35,NO,846,1,-1600,-65.4,TRACCION_INTENDENTE,NO,2847,JORGE ENRRIQUE VERA ARAUJO,226
11,CENTRAL,27,SAN LORENZO,1,PARTIDO COLORADO,FELIPITO SALOMON,52919,58.45,SI,51194,8,-1725,-3.3,TRACCION_INTENDENTE,NO,19899,LILO DOMINGUEZ,10432
5,CAAGUAZU,9,DR.J. E. ESTIGARRIBIA,15,ALIANZA UNIDOS LA SOLUCION,NELSON NAVARRO,7027,41.31,NO,5272,4,-1755,-25.0,TRACCION_INTENDENTE,NO,2548,ARNALDO MALDONADO,986
17,BOQUERON,0,FILADELFIA,27,ALIANZA JUNTOS POR FILADELFIA,CLAUDELINO RODAS NUÑEZ,5338,63.85,SI,3570,6,-1768,-33.1,TRACCION_INTENDENTE,NO,2474,ADEMAR JOAO WELDER,574
11,CENTRAL,15,LIMPIO,2,PARTIDO LIBERAL RADICAL AUTENTICO,JUANCHO GOMEZ,23445,48.12,SI,21605,6,-1840,-7.8,TRACCION_INTENDENTE,NO,1206,CLAUDIA GOMEZ,4125
11,CENTRAL,0,AREGUA,2,PARTIDO LIBERAL RADICAL AUTENTICO,LUIS VILLALBA,11691,39.95,NO,9592,4,-2099,-18.0,TRACCION_INTENDENTE,NO,4540,JORGE ROLON,1451
2,SAN PEDRO,7,CHORE,123,PARTIDO YO CREO CONCIENCIA DEMOCRATICA NACIONAL,OMAR SANABRIA PERALTA,2902,30.2,NO,655,0,-2247,-77.4,TRACCION_INTENDENTE,NO,3486,"BERNARDO ""NAITO"" AGUILERA",163
5,CAAGUAZU,0,CORONEL OVIEDO,123,ALIANZA TODOS POR CORONEL OVIEDO,ROSANA BOGADO,17377,36.13,NO,15068,4,-2309,-13.3,TRACCION_INTENDENTE,NO,10855,VICENTE BAEZ,2195
4,GUAIRA,27,PASO YOBAI,9,PARTIDO ENCUENTRO NACIONAL,MARIO RAMON MOREL RIVAS,3582,40.65,NO,1232,1,-2350,-65.6,TRACCION_INTENDENTE,NO,1393,GASPAR DUARTE BAEZ,395
11,CENTRAL,11,J. AUGUSTO SALDIVAR,1,PARTIDO COLORADO,MARTA FERRARI,9927,41.09,SI,7495,4,-2432,-24.5,TRACCION_INTENDENTE,NO,56,PROF. RAFAEL BENITEZ,1653
5,CAAGUAZU,3,CAAGUAZU,2,PARTIDO LIBERAL RADICAL AUTENTICO,ALEJO RIOS,21549,48.96,SI,19114,6,-2435,-11.3,TRACCION_INTENDENTE,NO,191,RICARDO RIOS,3533
6,CAAZAPA,0,CAAZAPA,123,ALIANZA CAAZAPA CREE,ING. JUAN ORTELLADO,5631,48.38,NO,3174,3,-2457,-43.6,TRACCION_INTENDENTE,NO,91,PROF. MARYSA SANCHEZ,576
11,CENTRAL,3,FERNANDO DE LA MORA,2,PARTIDO LIBERAL RADICAL AUTENTICO,LUIS FERNANDO FRANCO,28324,48.24,SI,25861,6,-2463,-8.7,TRACCION_INTENDENTE,NO,3707,FABIO ALVARENGA,5627
11,CENTRAL,1,CAPIATA,2,PARTIDO LIBERAL RADICAL AUTENTICO,BENITA JARA CAÑIZA,23615,29.39,NO,21112,3,-2503,-10.6,TRACCION_INTENDENTE,NO,27048,BELEM MELGAREJO JARA,4924
8,MISIONES,3,SAN IGNACIO,20,ALIANZA JUNTOS POR SAN IGNACIO,EDUARDO DEJESUS,9104,59.28,SI,6586,5,-2518,-27.7,TRACCION_INTENDENTE,NO,3271,ROMI VANNI,1018
11,CENTRAL,23,ÑEMBY,2,PARTIDO LIBERAL RADICAL AUTENTICO,BLAS LANZONI,28026,53.92,SI,25507,7,-2519,-9.0,TRACCION_INTENDENTE,NO,8696,EVER HERMOSILLA,3815
10,ALTO PARANA,31,SANTA RITA,22,ALIANZA SANTA RITA PARA TODOS,VALTER OTAVIO MENSCH,7199,53.25,SI,4528,4,-2671,-37.1,TRACCION_INTENDENTE,NO,1194,RICHARD DUARTE,1244
11,CENTRAL,25,SAN ANTONIO,2,PARTIDO LIBERAL RADICAL AUTENTICO,SANTI AGUILERA,19810,76.09,SI,17098,9,-2712,-13.7,TRACCION_INTENDENTE,NO,14554,VIRGILIO VERA,3751
15,PDTE. HAYES,0,VILLA HAYES,2,ALIANZA UNIDOS POR VILLA HAYES,DR. AGUERO,7544,37.97,NO,4773,3,-2771,-36.7,TRACCION_INTENDENTE,NO,3632,GERMAN ROJAS,787
13,AMAMBAY,0,PEDRO J. CABALLERO,2,PARTIDO LIBERAL RADICAL AUTENTICO,RONALD ACEVEDO,23430,56.16,SI,20577,7,-2853,-12.2,TRACCION_INTENDENTE,NO,7127,CAROLINA YUNIS,3670
0,CAPITAL,0,ASUNCION,6,PARTIDO DEMOCRATA CRISTIANO,RODRI FRANCO,8042,2.88,NO,4827,0,-3215,-40.0,TRACCION_INTENDENTE,NO,5024,HUGO LOPEZ,989
11,CENTRAL,9,ITAUGUA,2,PARTIDO LIBERAL RADICAL AUTENTICO,DR. MAURICIO ORTIZ A,20084,43.57,NO,16631,5,-3453,-17.2,TRACCION_INTENDENTE,NO,4469,AMANDA SALINAS,2218
7,ITAPUA,0,ENCARNACION,5,ALIANZA ENCARNACION EN MARCHA,CARLOS PEREIRA,19963,38.39,NO,16253,4,-3710,-18.6,TRACCION_INTENDENTE,NO,9895,CLAUDIA AREVALOS,2336
7,ITAPUA,53,TOMAS ROMERO PEREIRA,9,PARTIDO ENCUENTRO NACIONAL,CONCEPCION MARTINEZ CRISTALDO,6919,58.28,SI,2896,3,-4023,-58.1,TRACCION_INTENDENTE,NO,2384,RAMON ANTONIO LOPEZ BRITEZ,691
10,ALTO PARANA,17,MINGA GUAZU,123,PARTIDO YO CREO CONCIENCIA DEMOCRATICA NACIONAL,MONICA RAMIREZ,11478,35.74,NO,6574,3,-4904,-42.7,TRACCION_INTENDENTE,NO,4003,ARPINHA RAMOS,1456
12,ÑEEMBUCU,0,PILAR,123,PARTIDO YO CREO CONCIENCIA DEMOCRATICA NACIONAL,ABEL ISABELINO ESPINOZA DIAZ,7017,40.53,NO,1904,1,-5113,-72.9,TRACCION_INTENDENTE,NO,2392,CLAUDIA LORENA TORRES ALARCON,418
11,CENTRAL,13,LAMBARE,2,ALIANZA JUNTOS POR LAMBARE,NELSON MEDINA,29269,44.68,NO,22704,5,-6565,-22.4,TRACCION_INTENDENTE,NO,3134,LAURA MOREIRA,3920
11,CENTRAL,17,LUQUE,2,PARTIDO LIBERAL RADICAL AUTENTICO,MANOLO ACHUCARRO GILL,39240,38.02,NO,32192,4,-7048,-18.0,TRACCION_INTENDENTE,NO,15973,"RODRIGO RODRIGUEZ ""GUACAMAYO LUQUEÑO""",5561
10,ALTO PARANA,0,CIUDAD DEL ESTE,123,PARTIDO YO CREO CONCIENCIA DEMOCRATICA NACIONAL,DANI MUJICA,95888,72.83,SI,85289,9,-10599,-11.1,TRACCION_INTENDENTE,NO,64551,MIGUEL PRIETO,26330
